Age,Sex,Race,Marital status?,Education,Employement,Number of books you read during last 12months?,Read Printed books lately?,Read Audiobooks lately ? ,Read e-books lately?,Read any daily news or newspapers?,Read any magazines or journals?
66,Male,Refused,Divorced,College graduate,Retired,97,Yes,No,Yes,No,Yes
46,Male,Native American/American Indian,Married,High school graduate,Employed full-time,97,Yes,Yes,Yes,Yes,Yes
32,Male,Mixed race,Never been married,High school graduate,Employed full-time,97,No,Yes,Yes,Yes,Yes
27,Male,Mixed race,Married,High school graduate,Employed full-time,97,Yes,No,Yes,Yes,No
16,Female,Mixed race,Never been married,High school incomplete,Employed part-time,97,Yes,Yes,No,Yes,No
55,Female,Asian or Pacific Islander,Divorced,"Some college, no 4-year degree",Have own business/self-employed,97,Yes,Yes,Yes,No,No
63,Male,Black or African-American,Widowed,"Some college, no 4-year degree",Employed full-time,97,Yes,No,No,Yes,No
60,Female,Black or African-American,Married,College graduate,Retired,97,Yes,No,No,Yes,Yes
50,Female,Black or African-American,Married,Post-graduate training/professional school after college,Employed part-time,97,Yes,No,Yes,Yes,No
29,Female,Black or African-American,Never been married,High school graduate,Employed part-time,97,Yes,No,Yes,No,No
23,Male,Black or African-American,Never been married,High school graduate,Employed part-time,97,Yes,No,No,Yes,Yes
19,Female,Black or African-American,Never been married,"Some college, no 4-year degree",Employed part-time,97,Yes,No,No,Yes,Yes
16,Female,Black or African-American,Never been married,High school graduate,Student,97,Yes,No,Yes,No,Yes
89,Female,White,Widowed,"Some college, no 4-year degree",Retired,97,Yes,No,No,Yes,Yes
88,Female,White,Widowed,"Some college, no 4-year degree",Retired,97,Yes,No,No,Yes,No
84,Female,White,Widowed,"Some college, no 4-year degree",Retired,97,Yes,No,No,Yes,Yes
81,Female,White,Married,"Some college, no 4-year degree",Retired,97,Yes,No,No,Yes,Yes
80,Female,White,Widowed,Post-graduate training/professional school after college,Retired,97,Yes,No,No,Yes,Yes
79,Female,White,Widowed,High school graduate,Other,97,Yes,No,No,No,No
79,Male,White,Married,College graduate,Retired,97,Yes,No,No,Yes,No
78,Female,White,Divorced,High school graduate,Not employed for pay,97,Yes,No,No,No,No
78,Male,White,Married,College graduate,Retired,97,Yes,No,No,Yes,Yes
78,Female,White,Widowed,"Technical, trade or vocational school AFTER high school",Retired,97,Yes,No,No,Yes,Yes
77,Female,White,Married,High school graduate,Not employed for pay,97,Yes,No,Yes,No,No
76,Female,White,Married,Post-graduate training/professional school after college,Retired,97,Yes,No,No,Yes,Yes
75,Female,White,Married,Post-graduate training/professional school after college,Retired,97,Yes,No,No,Yes,Yes
73,Male,White,Married,Post-graduate training/professional school after college,Have own business/self-employed,97,Yes,No,No,Yes,Yes
73,Male,White,Widowed,Post-graduate training/professional school after college,Retired,97,Yes,Yes,No,Yes,Yes
73,Female,White,Married,College graduate,Not employed for pay,97,Yes,No,Yes,Yes,Yes
71,Female,White,Divorced,Post-graduate training/professional school after college,Retired,97,Yes,No,No,Yes,No
70,Male,White,Married,Post-graduate training/professional school after college,Retired,97,Yes,No,No,Yes,Yes
70,Male,White,Married,Post-graduate training/professional school after college,Retired,97,Yes,No,Yes,Yes,Yes
69,Female,White,Married,College graduate,Retired,97,Yes,No,No,Yes,Yes
69,Female,White,Widowed,"Some college, no 4-year degree",Retired,97,Yes,No,No,Yes,Yes
69,Female,White,Donâ€™t know,Post-graduate training/professional school after college,Retired,97,Yes,No,No,Yes,No
68,Female,White,Married,High school graduate,Employed part-time,97,Yes,No,No,Yes,Yes
68,Female,White,Divorced,High school graduate,Retired,97,Yes,No,No,Yes,Yes
67,Male,White,Married,"Some college, no 4-year degree",Retired,97,Yes,No,No,Yes,Yes
67,Female,White,Widowed,"Some college, no 4-year degree",Retired,97,Yes,No,No,Yes,Yes
67,Female,White,Married,High school incomplete,Retired,97,Yes,No,Yes,Yes,Yes
66,Female,White,Married,"Some college, no 4-year degree",Retired,97,Yes,No,No,Yes,Yes
66,Female,White,Divorced,Post-graduate training/professional school after college,Retired,97,Yes,No,No,Yes,No
66,Female,White,Married,College graduate,Retired,97,Yes,No,Yes,No,No
66,Female,White,Married,College graduate,Retired,97,Yes,No,Yes,Yes,No
65,Female,White,Married,Post-graduate training/professional school after college,Retired,97,Yes,No,No,No,No
65,Male,White,Married,Post-graduate training/professional school after college,Retired,97,Yes,No,No,Yes,Yes
65,Female,White,Divorced,College graduate,Retired,97,Yes,No,No,Yes,Yes
65,Female,White,Widowed,"Some college, no 4-year degree",Retired,97,Yes,No,Yes,Yes,Yes
65,Female,White,Divorced,College graduate,Employed full-time,97,Yes,No,No,Yes,Yes
65,Female,White,Living with a partner,"Some college, no 4-year degree",Employed part-time,97,Yes,Yes,No,Yes,Yes
65,Female,White,Divorced,"Some college, no 4-year degree",Retired,97,Yes,No,No,Yes,Yes
64,Female,White,Married,Post-graduate training/professional school after college,Retired,97,Yes,No,Yes,Yes,Yes
64,Male,White,Married,Post-graduate training/professional school after college,Retired,97,Yes,Yes,Yes,Yes,Yes
64,Female,White,Widowed,High school graduate,Retired,97,Yes,Yes,Yes,Yes,Yes
64,Male,White,Married,College graduate,Employed full-time,97,Yes,No,Yes,Yes,Yes
63,Female,White,Married,Post-graduate training/professional school after college,Retired,97,Yes,Yes,Yes,Yes,Yes
63,Female,White,Divorced,"Some college, no 4-year degree",Employed full-time,97,Yes,No,No,Yes,Yes
62,Female,White,Divorced,College graduate,Retired,97,Yes,Yes,Yes,Yes,Yes
60,Female,White,Widowed,College graduate,Employed full-time,97,Yes,Yes,Yes,No,Yes
60,Female,White,Single,College graduate,Employed full-time,97,Yes,Yes,Yes,Yes,Yes
60,Female,White,Never been married,College graduate,Employed part-time,97,Yes,No,Yes,Yes,Yes
60,Female,White,Married,College graduate,Employed full-time,97,Yes,No,Yes,Yes,Yes
60,Female,White,Never been married,College graduate,Retired,97,Yes,Yes,No,Yes,No
59,Female,White,Married,Post-graduate training/professional school after college,Retired,97,Yes,Yes,No,Yes,Yes
59,Female,White,Married,Post-graduate training/professional school after college,Retired,97,Yes,Yes,No,Yes,Yes
59,Female,White,Married,College graduate,Employed full-time,97,Yes,No,Yes,Yes,Yes
58,Female,White,Married,High school graduate,Not employed for pay,97,Yes,No,No,No,No
58,Male,White,Never been married,"Some college, no 4-year degree",Not employed for pay,97,Yes,No,No,Yes,Yes
58,Female,White,Married,"Some college, no 4-year degree",Employed part-time,97,Yes,No,No,Yes,No
58,Female,White,Married,Post-graduate training/professional school after college,Other,97,Yes,No,No,Yes,Yes
57,Female,White,Married,"Some college, no 4-year degree",Not employed for pay,97,Yes,Yes,Yes,Yes,Yes
56,Female,White,Divorced,High school graduate,Retired,97,Yes,No,No,No,Yes
55,Female,White,Married,"Some college, no 4-year degree",Retired,97,Yes,Yes,Yes,No,Yes
55,Female,White,Married,"Some college, no 4-year degree",Have own business/self-employed,97,Yes,No,Yes,Yes,Yes
54,Female,White,Married,College graduate,Employed full-time,97,Yes,No,Yes,Yes,Yes
53,Female,White,Divorced,High school graduate,Employed full-time,97,Yes,No,No,No,No
53,Male,White,Divorced,"Some college, no 4-year degree",Employed full-time,97,Yes,No,Yes,No,Yes
52,Female,White,Married,College graduate,Employed part-time,97,Yes,Yes,No,Yes,Yes
52,Female,White,Married,College graduate,Employed full-time,97,Yes,No,Yes,No,No
50,Female,White,Married,Post-graduate training/professional school after college,Employed full-time,97,Yes,No,Yes,Yes,Yes
50,Male,White,Married,College graduate,Employed full-time,97,Yes,Yes,Yes,Yes,Yes
50,Female,White,Married,High school incomplete,Not employed for pay,97,Yes,No,No,Yes,No
46,Female,White,Married,College graduate,Have own business/self-employed,97,Yes,No,No,Yes,Yes
46,Female,White,Married,College graduate,Not employed for pay,97,Yes,No,No,Yes,Yes
45,Male,White,Married,Post-graduate training/professional school after college,Employed full-time,97,Yes,No,Yes,Yes,Yes
44,Male,White,Married,"Some college, no 4-year degree",Employed full-time,97,Yes,No,Yes,No,Yes
42,Female,White,Married,Post-graduate training/professional school after college,Employed full-time,97,Yes,No,Yes,Yes,Yes
41,Female,White,Married,College graduate,Employed full-time,97,Yes,Yes,No,No,Yes
40,Female,White,Married,Post-graduate training/professional school after college,Employed full-time,97,Yes,No,Yes,Yes,Yes
38,Male,White,Married,College graduate,Not employed for pay,97,Yes,No,Yes,Yes,Yes
38,Female,White,Married,College graduate,Employed full-time,97,Yes,No,Yes,No,Yes
38,Female,White,Married,College graduate,Have own business/self-employed,97,Yes,No,Yes,Yes,Yes
37,Female,White,Married,College graduate,Employed part-time,97,Yes,No,Yes,No,No
36,Female,White,Never been married,"Some college, no 4-year degree",Employed full-time,97,Yes,No,Yes,No,No
35,Male,White,Single,High school graduate,Not employed for pay,97,Yes,No,Yes,Yes,Yes
35,Male,White,Married,"Some college, no 4-year degree",Have own business/self-employed,97,Yes,Yes,Yes,Yes,Yes
34,Female,White,Married,College graduate,Employed full-time,97,Yes,No,Yes,No,Yes
34,Male,White,Married,High school graduate,Employed full-time,97,Yes,Yes,No,No,Yes
33,Female,White,Married,College graduate,Employed full-time,97,Yes,No,Yes,Yes,Yes
32,Female,White,Married,High school graduate,Not employed for pay,97,Yes,No,No,Yes,No
32,Female,White,Married,Post-graduate training/professional school after college,Employed full-time,97,Yes,Yes,Yes,Yes,Yes
32,Female,White,Never been married,Post-graduate training/professional school after college,Employed full-time,97,Yes,No,No,No,No
30,Female,White,Married,"Some college, no 4-year degree",Not employed for pay,97,Yes,No,Yes,No,Yes
29,Female,White,Married,Post-graduate training/professional school after college,Employed part-time,97,Yes,Yes,Yes,Yes,No
28,Male,White,Married,"Some college, no 4-year degree",Employed full-time,97,Yes,Yes,Yes,Yes,Yes
28,Male,White,Married,High school incomplete,Employed full-time,97,Yes,No,No,Yes,Yes
27,Male,White,Married,"Some college, no 4-year degree",Retired,97,Yes,No,No,Yes,Yes
26,Male,White,Never been married,"Some college, no 4-year degree",Employed part-time,97,Yes,No,No,No,No
25,Male,White,Never been married,Post-graduate training/professional school after college,Employed part-time,97,Yes,No,No,No,Yes
24,Female,White,Never been married,High school graduate,Not employed for pay,97,Yes,No,No,No,Yes
24,Female,White,Never been married,College graduate,Employed full-time,97,Yes,No,Yes,No,No
23,Female,White,Married,"Some college, no 4-year degree",Not employed for pay,97,Yes,Yes,No,No,No
23,Female,White,Never been married,"Some college, no 4-year degree",Employed full-time,97,Yes,No,No,No,Yes
22,Male,White,Married,"Technical, trade or vocational school AFTER high school",Employed full-time,97,Yes,No,Yes,Yes,Yes
22,Male,White,Never been married,Post-graduate training/professional school after college,Employed part-time,97,Yes,Yes,Yes,Yes,Yes
21,Male,White,Living with a partner,"Some college, no 4-year degree",Employed part-time,97,Yes,No,Yes,Yes,Yes
20,Female,White,Living with a partner,High school graduate,Employed part-time,97,Yes,No,Yes,Yes,Yes
19,Female,White,Never been married,"Some college, no 4-year degree",Not employed for pay,97,Yes,No,Yes,No,No
18,Female,White,Never been married,"Some college, no 4-year degree",Not employed for pay,97,Yes,No,No,Yes,No
18,Female,White,Living with a partner,"Some college, no 4-year degree",Not employed for pay,97,Yes,No,No,Yes,No
17,Female,White,Never been married,High school incomplete,Not employed for pay,97,Yes,No,No,No,No
17,Female,White,Never been married,High school incomplete,Employed part-time,97,Yes,No,No,No,No
16,Female,White,Never been married,High school incomplete,Not employed for pay,97,Yes,No,No,Yes,Yes
16,Female,White,Never been married,High school incomplete,Not employed for pay,97,Yes,No,No,No,No
64,Female,Native American/American Indian,Divorced,"Some college, no 4-year degree",Retired,96,Yes,No,No,Yes,Yes
40,Male,Black or African-American,Divorced,High school graduate,Retired,96,Yes,No,No,Yes,Yes
67,Male,White,Married,Post-graduate training/professional school after college,Employed full-time,96,Yes,Yes,Yes,Yes,Yes
66,Male,White,Married,Post-graduate training/professional school after college,Retired,96,Yes,Yes,No,No,Yes
65,Female,White,Divorced,Post-graduate training/professional school after college,Employed full-time,96,Yes,No,No,No,Yes
57,Female,White,Divorced,"Technical, trade or vocational school AFTER high school",Employed full-time,96,Yes,No,No,No,Yes
57,Female,White,Married,High school graduate,Retired,96,Yes,No,Yes,No,No
56,Female,White,Married,"Some college, no 4-year degree",Employed full-time,96,Yes,Yes,Yes,No,Yes
53,Female,White,Married,Post-graduate training/professional school after college,Employed full-time,96,Yes,No,No,No,Yes
53,Female,White,Married,"Some college, no 4-year degree",Employed full-time,96,Yes,Yes,No,Yes,Yes
52,Female,White,Never been married,Post-graduate training/professional school after college,Employed part-time,96,Yes,Yes,No,No,Yes
52,Male,White,Married,Post-graduate training/professional school after college,Employed full-time,96,Yes,Yes,Yes,Yes,Yes
48,Female,White,Married,"Some college, no 4-year degree",Employed full-time,96,Yes,No,Yes,Yes,Yes
47,Female,White,Married,"Some college, no 4-year degree",Employed part-time,96,Yes,No,Yes,Yes,Yes
28,Female,White,Single,"Some college, no 4-year degree",Employed full-time,96,Yes,Yes,Yes,No,Yes
74,Male,White,Married,High school graduate,Retired,90,Yes,No,No,Yes,No
33,Male,White,Married,Post-graduate training/professional school after college,Employed full-time,90,Yes,Yes,No,Yes,No
47,Female,White,Married,"Some college, no 4-year degree",Employed full-time,84,Yes,No,No,Yes,Yes
53,Female,Black or African-American,Married,Post-graduate training/professional school after college,Employed full-time,80,Yes,Yes,Yes,Yes,Yes
69,Female,White,Never been married,Post-graduate training/professional school after college,Retired,80,Yes,Yes,No,No,Yes
65,Female,White,Married,High school graduate,Retired,80,Yes,No,No,Yes,No
64,Female,White,Married,"Some college, no 4-year degree",Retired,80,Yes,Yes,No,No,Yes
54,Female,White,Living with a partner,"Some college, no 4-year degree",Disabled,80,Yes,No,No,Yes,No
18,Male,White,Single,High school graduate,Employed full-time,80,Yes,No,Yes,No,No
65,Male,White,Married,Post-graduate training/professional school after college,Employed part-time,76,No,No,Yes,Yes,Yes
24,Male,Mixed race,Never been married,Post-graduate training/professional school after college,Not employed for pay,75,Yes,No,Yes,Yes,No
54,Female,Black or African-American,Married,High school graduate,Employed full-time,75,Yes,No,No,Yes,No
81,Female,White,Widowed,College graduate,Not employed for pay,75,Yes,Yes,No,Yes,Yes
78,Female,White,Widowed,High school graduate,Retired,75,Yes,No,No,Yes,No
73,Female,White,Married,College graduate,Employed part-time,75,Yes,No,No,Yes,Yes
68,Female,White,Widowed,"Some college, no 4-year degree",Retired,75,Yes,No,No,Yes,No
65,Female,White,Divorced,High school graduate,Retired,75,Yes,No,No,Yes,No
62,Female,White,Married,"Some college, no 4-year degree",Employed full-time,75,Yes,No,No,Yes,Yes
61,Female,White,Married,High school graduate,Retired,75,Yes,Yes,No,Yes,Yes
55,Female,White,Widowed,College graduate,Employed full-time,75,Yes,No,No,Yes,No
48,Female,White,Married,College graduate,Not employed for pay,75,Yes,Yes,No,Yes,Yes
48,Male,White,Never been married,Post-graduate training/professional school after college,Employed full-time,75,Yes,No,Yes,Yes,Yes
45,Female,White,Never been married,Post-graduate training/professional school after college,Employed full-time,75,Yes,Yes,Yes,Yes,Yes
39,Male,White,Married,College graduate,Employed full-time,75,Yes,No,Yes,No,No
55,Male,Black or African-American,Separated,High school graduate,Retired,70,Yes,No,No,No,Yes
84,Female,White,Married,"Technical, trade or vocational school AFTER high school",Retired,70,Yes,Yes,No,Yes,No
64,Female,White,Divorced,High school graduate,Employed full-time,70,Yes,No,No,Yes,Yes
60,Male,White,Married,Post-graduate training/professional school after college,Employed full-time,70,Yes,Yes,Yes,Yes,No
58,Female,White,Married,Post-graduate training/professional school after college,Not employed for pay,70,Yes,Yes,Yes,No,Yes
53,Female,White,Married,High school graduate,Employed full-time,70,Yes,No,Yes,No,No
31,Female,White,Never been married,Post-graduate training/professional school after college,Employed full-time,70,Yes,No,Yes,No,Yes
22,Female,White,Married,High school graduate,Employed part-time,70,Yes,No,No,No,No
21,Female,White,Never been married,"Some college, no 4-year degree",Not employed for pay,70,Yes,No,No,No,No
16,Female,White,Single,High school incomplete,Not employed for pay,70,Yes,No,No,Yes,Yes
61,Female,White,Married,Post-graduate training/professional school after college,Employed full-time,67,Yes,Yes,Yes,Yes,Yes
40,Male,White,Married,High school graduate,Not employed for pay,65,Yes,No,No,No,Yes
27,Male,White,Never been married,Post-graduate training/professional school after college,Employed full-time,65,No,No,Yes,Yes,Yes
35,Male,Native American/American Indian,Never been married,High school graduate,Employed full-time,60,Yes,No,No,Yes,Yes
50,Female,Black or African-American,Never been married,"Some college, no 4-year degree",Not employed for pay,60,Yes,No,Yes,No,Yes
45,Female,Black or African-American,Married,College graduate,Employed full-time,60,Yes,Yes,Yes,No,Yes
16,Male,Black or African-American,Never been married,High school incomplete,Employed full-time,60,Yes,Yes,No,Yes,Yes
66,Female,White,Married,Post-graduate training/professional school after college,Retired,60,Yes,Yes,No,Yes,Yes
66,Female,White,Divorced,College graduate,Employed full-time,60,Yes,No,No,Yes,Yes
65,Female,White,Married,College graduate,Retired,60,Yes,Yes,No,Yes,Yes
62,Female,White,Widowed,College graduate,Retired,60,Yes,No,No,Yes,Yes
61,Male,White,Married,Post-graduate training/professional school after college,Employed full-time,60,Yes,No,Yes,No,Yes
60,Male,White,Married,College graduate,Employed full-time,60,Yes,Yes,No,Yes,No
60,Female,White,Married,College graduate,Retired,60,Yes,Yes,Yes,Yes,Yes
58,Female,White,Widowed,High school graduate,Employed full-time,60,Yes,No,No,Yes,Yes
53,Male,White,Married,College graduate,Employed full-time,60,Yes,Yes,Yes,Yes,Yes
51,Female,White,Married,Post-graduate training/professional school after college,Employed full-time,60,Yes,No,Yes,Yes,Yes
39,Female,White,Married,Post-graduate training/professional school after college,Employed part-time,60,Yes,No,No,Yes,Yes
38,Male,White,Divorced,College graduate,Employed full-time,60,Yes,No,No,Yes,Yes
23,Female,White,Never been married,College graduate,Employed part-time,60,Yes,Yes,No,Yes,Yes
22,Male,White,Never been married,"Some college, no 4-year degree",Not employed for pay,60,Yes,Yes,No,Yes,Yes
21,Female,White,Never been married,"Some college, no 4-year degree",Not employed for pay,60,Yes,No,Yes,No,No
34,Male,Refused,Married,"Some college, no 4-year degree",Employed full-time,55,Yes,Yes,Yes,Yes,Yes
81,Male,White,Married,High school graduate,Retired,55,Don't Know,No,No,Yes,No
66,Female,White,Living with a partner,High school graduate,Retired,55,Yes,No,Yes,Yes,No
47,Female,White,Divorced,High school graduate,Employed part-time,54,Yes,No,Yes,No,No
68,Female,White,Married,Post-graduate training/professional school after college,Employed full-time,52,Yes,Yes,No,Yes,Yes
29,Female,White,Married,Post-graduate training/professional school after college,Employed full-time,52,Yes,No,Yes,No,No
21,Male,White,Married,High school incomplete,Employed full-time,51,Yes,No,No,No,Yes
66,Male,Refused,Married,College graduate,Employed part-time,50,Yes,No,No,Yes,No
50,Male,Refused,Never been married,High school graduate,Retired,50,Yes,No,No,Yes,No
26,Male,Refused,Married,"Some college, no 4-year degree",Employed full-time,50,Yes,No,No,No,No
56,Female,White,Married,Post-graduate training/professional school after college,Other,50,Yes,No,Yes,Yes,Yes
37,Male,Other,Single,High school graduate,Retired,50,Yes,No,No,Yes,Yes
16,Male,Other,Never been married,High school incomplete,Employed part-time,50,Yes,No,No,No,Yes
32,Female,Native American/American Indian,Living with a partner,"Some college, no 4-year degree",Not employed for pay,50,Yes,No,No,Yes,Yes
41,Female,Mixed race,Married,Post-graduate training/professional school after college,Disabled,50,Yes,No,No,No,No
26,Male,Asian or Pacific Islander,Living with a partner,"Some college, no 4-year degree",Employed full-time,50,Yes,No,Yes,Yes,No
61,Female,Black or African-American,Married,Post-graduate training/professional school after college,Employed full-time,50,Yes,Yes,Yes,No,No
59,Female,Black or African-American,Married,College graduate,Employed full-time,50,Yes,No,No,Yes,Yes
47,Female,Black or African-American,Married,College graduate,Not employed for pay,50,Yes,No,Yes,Yes,Yes
32,Female,Black or African-American,Living with a partner,Post-graduate training/professional school after college,Employed full-time,50,Yes,No,No,No,No
17,Male,Black or African-American,Never been married,High school incomplete,Employed part-time,50,Yes,No,Yes,No,No
90,Female,White,Widowed,Post-graduate training/professional school after college,Retired,50,Yes,No,No,No,Yes
84,Female,White,Married,Post-graduate training/professional school after college,Retired,50,Yes,No,Yes,Yes,Yes
83,Female,White,Widowed,College graduate,Retired,50,Yes,No,No,Yes,Yes
80,Female,White,Widowed,High school graduate,Employed full-time,50,Yes,No,No,Yes,Yes
80,Female,White,Married,Post-graduate training/professional school after college,Retired,50,Yes,Yes,Yes,Yes,Yes
78,Female,White,Married,"Some college, no 4-year degree",Retired,50,Yes,No,No,No,Yes
78,Female,White,Widowed,Post-graduate training/professional school after college,Retired,50,Yes,No,No,Yes,Yes
78,Female,White,Married,High school graduate,Retired,50,Yes,No,No,No,Yes
77,Male,White,Married,Post-graduate training/professional school after college,Retired,50,Yes,Yes,No,Yes,Yes
77,Female,White,Widowed,High school graduate,Retired,50,Yes,No,Yes,Yes,No
76,Female,White,Widowed,College graduate,Retired,50,Yes,No,No,Yes,Yes
75,Female,White,Widowed,Post-graduate training/professional school after college,Employed part-time,50,Yes,Yes,No,Yes,Yes
74,Female,White,Married,College graduate,Retired,50,Yes,Yes,Yes,Yes,Yes
72,Female,White,Married,"Some college, no 4-year degree",Retired,50,Yes,Yes,No,Yes,Yes
70,Male,White,Married,College graduate,Retired,50,Yes,No,No,Yes,Yes
70,Female,White,Married,"Some college, no 4-year degree",Retired,50,Yes,No,No,Yes,Yes
70,Female,White,Married,College graduate,Retired,50,Yes,No,No,Yes,No
69,Male,White,Married,"Technical, trade or vocational school AFTER high school",Employed part-time,50,Yes,No,No,No,Yes
68,Female,White,Married,"Some college, no 4-year degree",Retired,50,Yes,No,No,Yes,No
68,Male,White,Married,College graduate,Employed part-time,50,Yes,No,Yes,No,Yes
66,Female,White,Single,Post-graduate training/professional school after college,Retired,50,Yes,No,No,Yes,Yes
66,Female,White,Single,Post-graduate training/professional school after college,Retired,50,Yes,No,No,Yes,No
66,Female,White,Married,"Some college, no 4-year degree",Retired,50,Yes,No,Yes,Yes,No
66,Male,White,Married,College graduate,Retired,50,Yes,Yes,Yes,Yes,Yes
65,Male,White,Married,"Some college, no 4-year degree",Retired,50,Yes,No,No,Yes,Yes
65,Male,White,Married,College graduate,Retired,50,Yes,No,No,No,No
65,Male,White,Married,High school graduate,Retired,50,Yes,No,Yes,No,Yes
65,Male,White,Married,Post-graduate training/professional school after college,Retired,50,Yes,No,Yes,Yes,Yes
64,Male,White,Married,Post-graduate training/professional school after college,Retired,50,Yes,No,Yes,Yes,No
64,Male,White,Married,"Some college, no 4-year degree",Employed full-time,50,Yes,Yes,Yes,Yes,Yes
62,Female,White,Widowed,None,Employed full-time,50,No,No,No,Yes,No
62,Male,White,Married,Post-graduate training/professional school after college,Employed full-time,50,Yes,No,Yes,Yes,Yes
60,Female,White,Married,"Some college, no 4-year degree",Retired,50,Yes,No,Yes,Yes,No
60,Male,White,Married,Post-graduate training/professional school after college,Employed full-time,50,Yes,No,Yes,Yes,Yes
60,Female,White,Widowed,High school incomplete,Not employed for pay,50,Yes,No,No,Yes,Yes
59,Female,White,Married,"Technical, trade or vocational school AFTER high school",Employed full-time,50,Yes,No,No,Yes,Yes
59,Female,White,Married,"Some college, no 4-year degree",Retired,50,Yes,No,No,No,Yes
59,Male,White,Never been married,College graduate,Employed full-time,50,Yes,No,No,Yes,No
58,Female,White,Married,High school graduate,Employed full-time,50,Yes,No,No,Yes,Yes
58,Female,White,Married,"Some college, no 4-year degree",Disabled,50,Yes,Yes,No,Yes,Yes
58,Male,White,Married,Post-graduate training/professional school after college,Retired,50,Yes,No,Yes,No,No
57,Female,White,Married,College graduate,Employed part-time,50,Yes,No,Yes,No,Yes
55,Female,White,Married,Post-graduate training/professional school after college,Employed full-time,50,Yes,Yes,Yes,Yes,Yes
55,Female,White,Never been married,"Some college, no 4-year degree",Employed full-time,50,Yes,No,No,Yes,No
55,Female,White,Divorced,Post-graduate training/professional school after college,Retired,50,Yes,No,No,No,No
54,Male,White,Married,High school graduate,Employed full-time,50,Yes,No,Yes,Yes,No
53,Female,White,Separated,High school graduate,Disabled,50,Yes,No,No,Yes,Yes
53,Female,White,Married,Post-graduate training/professional school after college,Not employed for pay,50,Yes,Yes,Yes,Yes,Yes
53,Female,White,Never been married,"Some college, no 4-year degree",Employed full-time,50,Yes,Yes,Yes,No,Yes
53,Female,White,Married,College graduate,Employed full-time,50,Yes,No,Yes,Yes,Yes
53,Female,White,Married,"Some college, no 4-year degree",Not employed for pay,50,Yes,No,No,Yes,Yes
52,Male,White,Married,Post-graduate training/professional school after college,Employed full-time,50,Yes,No,Yes,Yes,Yes
52,Female,White,Married,College graduate,Employed full-time,50,Yes,No,Yes,No,Yes
51,Male,White,Married,Post-graduate training/professional school after college,Employed full-time,50,Yes,No,Yes,No,No
51,Female,White,Divorced,College graduate,Employed full-time,50,Yes,No,No,No,Yes
50,Male,White,Married,College graduate,Employed full-time,50,No,No,Yes,Yes,No
50,Female,White,Married,College graduate,Employed full-time,50,Yes,No,No,Yes,Yes
50,Male,White,Married,College graduate,Employed full-time,50,Yes,No,No,Yes,Yes
49,Female,White,Married,College graduate,Employed full-time,50,No,No,Yes,No,Yes
48,Female,White,Married,Post-graduate training/professional school after college,Not employed for pay,50,Yes,No,No,Yes,No
48,Female,White,Married,"Some college, no 4-year degree",Employed full-time,50,Yes,Yes,Yes,Yes,Yes
47,Female,White,Married,High school graduate,Employed full-time,50,Yes,No,Yes,No,Yes
46,Female,White,Separated,College graduate,Not employed for pay,50,Yes,Yes,No,Yes,No
45,Male,White,Divorced,College graduate,Employed full-time,50,Yes,No,Yes,Yes,Yes
45,Male,White,Married,"Some college, no 4-year degree",Retired,50,Yes,Yes,No,Yes,No
45,Male,White,Married,Post-graduate training/professional school after college,Employed full-time,50,Yes,Yes,Yes,Yes,No
44,Female,White,Married,"Some college, no 4-year degree",Not employed for pay,50,Yes,No,Yes,No,No
44,Female,White,Never been married,College graduate,Employed full-time,50,Yes,No,No,No,No
42,Male,White,Married,Post-graduate training/professional school after college,Employed full-time,50,Yes,No,No,Yes,No
42,Female,White,Never been married,College graduate,Have own business/self-employed,50,Yes,No,Yes,Yes,No
41,Female,White,Married,High school graduate,Disabled,50,Yes,No,No,No,No
41,Female,White,Separated,Post-graduate training/professional school after college,Not employed for pay,50,Yes,No,Yes,Yes,Yes
38,Male,White,Living with a partner,High school graduate,Not employed for pay,50,Yes,No,No,Yes,Yes
37,Male,White,Divorced,High school incomplete,Employed full-time,50,Yes,Yes,Yes,No,No
37,Female,White,Married,"Technical, trade or vocational school AFTER high school",Employed part-time,50,Yes,Yes,Yes,No,Yes
36,Male,White,Married,"Some college, no 4-year degree",Employed full-time,50,Yes,Yes,Yes,Yes,Yes
35,Female,White,Living with a partner,College graduate,Employed full-time,50,Yes,No,No,Yes,Yes
34,Female,White,Married,Post-graduate training/professional school after college,Not employed for pay,50,No,No,Yes,Yes,No
33,Male,White,Married,Post-graduate training/professional school after college,Employed full-time,50,Yes,Yes,Yes,Yes,Yes
32,Female,White,Never been married,High school graduate,Employed full-time,50,Yes,No,No,Yes,No
30,Male,White,Never been married,High school incomplete,Disabled,50,Yes,No,No,Yes,No
29,Male,White,Married,High school graduate,Employed part-time,50,Yes,Yes,Yes,No,Yes
27,Female,White,Married,"Some college, no 4-year degree",Employed full-time,50,Yes,Yes,Yes,Yes,No
27,Female,White,Married,"Some college, no 4-year degree",Not employed for pay,50,Yes,No,Yes,No,No
26,Female,White,Married,"Some college, no 4-year degree",Have own business/self-employed,50,Yes,No,No,Yes,No
25,Female,White,Married,"Some college, no 4-year degree",Employed full-time,50,Yes,No,Yes,Yes,No
23,Male,White,Never been married,College graduate,Employed full-time,50,Yes,No,Yes,Yes,Yes
22,Female,White,Never been married,College graduate,Employed full-time,50,Yes,Yes,No,No,No
20,Female,White,Never been married,"Some college, no 4-year degree",Employed part-time,50,Yes,No,Yes,Yes,Yes
19,Female,White,Never been married,"Some college, no 4-year degree",Employed part-time,50,Yes,No,No,No,Yes
19,Female,White,Living with a partner,High school graduate,Employed part-time,50,Yes,No,Yes,Yes,Yes
19,Male,White,Never been married,High school incomplete,Not employed for pay,50,Yes,No,Yes,Yes,No
17,Male,White,Never been married,High school incomplete,Employed part-time,50,Yes,No,No,No,Yes
16,Male,White,Never been married,High school incomplete,Not employed for pay,50,Yes,No,No,No,No
75,Female,White,Married,College graduate,Retired,48,Yes,No,Yes,Yes,Yes
67,Female,White,Divorced,"Some college, no 4-year degree",Retired,48,Yes,Yes,No,Yes,No
60,Female,White,Widowed,"Some college, no 4-year degree",Not employed for pay,48,Yes,No,No,Yes,No
55,Female,White,Married,"Some college, no 4-year degree",Employed full-time,48,Yes,Yes,Yes,Yes,No
47,Female,White,Living with a partner,High school graduate,Have own business/self-employed,48,Yes,No,No,No,No
23,Male,Other,Never been married,"Some college, no 4-year degree",Not employed for pay,47,Yes,No,Yes,No,Yes
46,Male,White,Married,College graduate,Employed full-time,47,Yes,No,Yes,Yes,Yes
27,Female,Black or African-American,Never been married,High school graduate,Employed full-time,45,Yes,No,No,Yes,Yes
22,Female,Black or African-American,Never been married,"Some college, no 4-year degree",Employed full-time,45,Yes,No,Yes,No,Yes
70,Male,White,Widowed,High school graduate,Retired,45,Yes,Yes,No,Yes,Yes
67,Male,White,Married,College graduate,Employed part-time,45,Yes,Yes,No,Yes,Yes
38,Male,White,Married,College graduate,Employed full-time,45,Yes,No,Yes,Yes,Yes
18,Female,White,Never been married,High school incomplete,Employed part-time,45,Yes,No,No,Yes,Yes
17,Male,White,Never been married,High school incomplete,Not employed for pay,45,Yes,Yes,Yes,Yes,Yes
59,Male,White,Married,High school graduate,Employed full-time,43,Yes,No,No,Yes,No
27,Male,White,Married,College graduate,Employed full-time,42,Yes,Yes,No,Yes,Yes
73,Male,Refused,Married,Post-graduate training/professional school after college,Retired,40,Yes,Yes,Yes,Yes,Yes
69,Male,Refused,Married,Post-graduate training/professional school after college,Retired,40,Yes,No,Yes,Yes,No
21,Male,Asian or Pacific Islander,Never been married,"Some college, no 4-year degree",Employed full-time,40,Yes,No,No,No,No
23,Female,Black or African-American,Living with a partner,High school graduate,Not employed for pay,40,No,No,No,Yes,Yes
19,Male,Black or African-American,Never been married,"Some college, no 4-year degree",Employed part-time,40,Yes,No,No,No,Yes
83,Male,White,Married,High school incomplete,Retired,40,Yes,No,No,Yes,Yes
80,Female,White,Widowed,High school graduate,Retired,40,Yes,No,No,Yes,Yes
75,Female,White,Married,High school graduate,Retired,40,Yes,No,Yes,Yes,No
74,Female,White,Married,"Some college, no 4-year degree",Employed part-time,40,Yes,No,Yes,Yes,Yes
69,Male,White,Widowed,Post-graduate training/professional school after college,Retired,40,Yes,Yes,Yes,Yes,Yes
69,Male,White,Married,College graduate,Retired,40,Yes,Yes,No,No,Yes
68,Male,White,Married,Post-graduate training/professional school after college,Retired,40,No,Yes,No,No,No
68,Female,White,Married,"Some college, no 4-year degree",Retired,40,Yes,No,No,Yes,No
66,Male,White,Married,Post-graduate training/professional school after college,Retired,40,Yes,No,Yes,Yes,Yes
65,Male,White,Married,Post-graduate training/professional school after college,Employed part-time,40,Yes,No,No,Yes,Yes
63,Female,White,Married,High school graduate,Retired,40,Yes,No,Yes,No,No
63,Female,White,Widowed,"Some college, no 4-year degree",Employed full-time,40,Yes,No,Yes,Yes,No
63,Female,White,Married,"Some college, no 4-year degree",Employed full-time,40,Yes,No,Yes,Yes,Yes
63,Male,White,Married,"Some college, no 4-year degree",Employed full-time,40,Yes,No,No,No,No
62,Male,White,Married,College graduate,Retired,40,Yes,Yes,Yes,Yes,Yes
60,Female,White,Married,Post-graduate training/professional school after college,Employed full-time,40,Yes,Yes,Yes,Yes,No
58,Female,White,Married,Post-graduate training/professional school after college,Retired,40,Yes,No,No,Yes,Yes
57,Male,White,Single,High school graduate,Not employed for pay,40,No,No,No,No,Yes
55,Female,White,Married,Post-graduate training/professional school after college,Employed full-time,40,Yes,Yes,Yes,Yes,Yes
54,Female,White,Married,"Some college, no 4-year degree",Not employed for pay,40,Yes,Yes,Yes,Yes,Yes
54,Male,White,Married,High school graduate,Employed full-time,40,Yes,No,Yes,No,Yes
54,Female,White,Married,"Some college, no 4-year degree",Employed part-time,40,Yes,No,Yes,Yes,Yes
54,Female,White,Married,College graduate,Employed full-time,40,Yes,No,Yes,Yes,Yes
53,Female,White,Married,College graduate,Employed full-time,40,Yes,No,Yes,Yes,Yes
52,Female,White,Divorced,High school graduate,Not employed for pay,40,No,No,No,Yes,No
52,Male,White,Married,High school graduate,Employed full-time,40,Yes,No,Yes,No,No
50,Male,White,Separated,"Some college, no 4-year degree",Employed full-time,40,Yes,No,Yes,Yes,Yes
49,Male,White,Married,"Some college, no 4-year degree",Employed full-time,40,Yes,No,Yes,Yes,No
47,Female,White,Married,"Some college, no 4-year degree",Employed full-time,40,Yes,No,No,Yes,No
46,Male,White,Living with a partner,College graduate,Employed full-time,40,Yes,Yes,Yes,Yes,Yes
45,Male,White,Married,"Some college, no 4-year degree",Employed full-time,40,No,No,Yes,Yes,No
42,Male,White,Married,Post-graduate training/professional school after college,Employed full-time,40,Yes,Yes,Yes,Yes,Yes
41,Male,White,Married,"Some college, no 4-year degree",Employed full-time,40,Yes,No,No,Yes,No
39,Male,White,Married,College graduate,Employed full-time,40,Yes,No,Yes,Yes,Yes
37,Male,White,Married,"Some college, no 4-year degree",Employed full-time,40,Yes,No,Yes,No,Yes
35,Male,White,Married,College graduate,Not employed for pay,40,Yes,No,Yes,Yes,No
35,Male,White,Married,"Some college, no 4-year degree",Employed full-time,40,Yes,No,Yes,No,Yes
34,Female,White,Living with a partner,Post-graduate training/professional school after college,Employed full-time,40,Yes,No,No,Yes,Yes
33,Female,White,Married,College graduate,Not employed for pay,40,Yes,No,Yes,No,Yes
33,Female,White,Married,College graduate,Not employed for pay,40,Yes,No,Yes,Yes,Yes
32,Male,White,Never been married,"Some college, no 4-year degree",Employed full-time,40,Yes,Yes,Yes,No,No
29,Male,White,Married,High school graduate,Employed full-time,40,Yes,No,No,Yes,Yes
23,Male,White,Never been married,Post-graduate training/professional school after college,Employed full-time,40,Yes,No,Yes,No,Yes
22,Male,White,Never been married,"Some college, no 4-year degree",Employed full-time,40,Yes,No,No,Yes,Yes
20,Male,White,Never been married,"Some college, no 4-year degree",Employed part-time,40,Yes,No,No,Yes,Yes
19,Female,White,Never been married,"Some college, no 4-year degree",Employed part-time,40,Yes,No,No,Yes,No
16,Female,White,Never been married,High school incomplete,Not employed for pay,40,Yes,Yes,No,Yes,No
16,Male,White,Never been married,High school incomplete,Employed part-time,40,Yes,No,Yes,No,Yes
22,Male,Mixed race,Living with a partner,High school graduate,Employed part-time,38,Yes,Yes,Yes,Yes,Yes
62,Female,White,Married,College graduate,Other,37,Yes,Yes,Yes,No,No
20,Female,Black or African-American,Never been married,High school incomplete,Not employed for pay,36,Yes,No,No,No,No
86,Female,White,Married,High school graduate,Retired,36,Yes,No,No,Yes,Yes
82,Female,White,Married,College graduate,Employed part-time,36,Yes,No,No,Yes,Yes
77,Female,White,Widowed,"Some college, no 4-year degree",Retired,36,Yes,No,No,Yes,Yes
72,Female,White,Widowed,"Some college, no 4-year degree",Retired,36,Yes,No,No,Yes,Yes
70,Male,White,Married,Post-graduate training/professional school after college,Retired,36,Yes,No,No,No,No
64,Female,White,Married,"Some college, no 4-year degree",Employed full-time,36,Yes,No,No,No,No
57,Female,White,Divorced,College graduate,Employed part-time,36,Yes,No,No,Yes,Yes
55,Female,White,Married,"Some college, no 4-year degree",Disabled,36,Yes,No,Yes,No,Yes
52,Male,White,Divorced,Post-graduate training/professional school after college,Retired,36,Yes,No,No,Yes,Yes
42,Female,White,Married,Post-graduate training/professional school after college,Employed full-time,36,No,No,Yes,Yes,No
36,Female,White,Never been married,College graduate,Not employed for pay,36,Yes,Yes,Yes,Yes,Yes
36,Female,White,Married,College graduate,Not employed for pay,36,Yes,Yes,Yes,Yes,Yes
30,Male,White,Married,"Some college, no 4-year degree",Employed full-time,36,Yes,No,No,No,No
29,Female,White,Never been married,Post-graduate training/professional school after college,Not employed for pay,36,Yes,Yes,No,Yes,No
17,Female,White,Never been married,High school incomplete,Not employed for pay,36,Yes,No,No,Yes,Yes
74,Female,Refused,Widowed,Post-graduate training/professional school after college,Employed full-time,35,Yes,Yes,Yes,Yes,Yes
22,Male,Black or African-American,Never been married,"Some college, no 4-year degree",Employed part-time,35,Yes,No,No,Yes,Yes
79,Male,White,Widowed,High school graduate,Retired,35,Yes,No,No,No,Yes
72,Female,White,Widowed,Post-graduate training/professional school after college,Employed part-time,35,Yes,Yes,No,Yes,Yes
71,Female,White,Divorced,Post-graduate training/professional school after college,Employed part-time,35,Yes,No,No,No,Yes
65,Female,White,Married,High school graduate,Retired,35,No,No,Yes,No,No
62,Female,White,Married,College graduate,Retired,35,Yes,No,No,No,Yes
58,Female,White,Married,College graduate,Employed full-time,35,Yes,No,Yes,Yes,Yes
51,Female,White,Divorced,College graduate,Employed full-time,35,Yes,No,No,Yes,Yes
51,Male,White,Married,College graduate,Employed full-time,35,Yes,No,Yes,Yes,Yes
43,Female,White,Married,"Some college, no 4-year degree",Employed full-time,35,Yes,Yes,Yes,Yes,Yes
42,Female,White,Married,College graduate,Employed full-time,35,Yes,No,Yes,Yes,No
39,Female,White,Married,Post-graduate training/professional school after college,Not employed for pay,35,Yes,No,Yes,Yes,Yes
33,Male,White,Married,Post-graduate training/professional school after college,Employed full-time,35,Yes,Yes,No,Yes,Yes
24,Male,White,Never been married,Post-graduate training/professional school after college,Employed full-time,35,Yes,No,No,No,No
57,Female,White,Divorced,"Some college, no 4-year degree",Disabled,32,Yes,No,No,Yes,Yes
39,Female,White,Married,Post-graduate training/professional school after college,Employed full-time,32,Yes,No,No,Yes,Yes
28,Female,White,Married,"Some college, no 4-year degree",Employed part-time,32,Yes,No,No,No,No
55,Male,Refused,Married,"Some college, no 4-year degree",Employed full-time,30,No,Yes,No,No,No
52,Male,Refused,Married,None,Employed part-time,30,Yes,No,No,Yes,No
49,Male,Refused,Married,"Some college, no 4-year degree",Employed full-time,30,Yes,No,Yes,No,Yes
36,Female,Other,Never been married,Post-graduate training/professional school after college,Employed full-time,30,Yes,Yes,Yes,No,No
25,Female,Other,Never been married,"Some college, no 4-year degree",Employed full-time,30,Yes,No,Yes,Yes,Yes
20,Male,Other,Never been married,College graduate,Student,30,Yes,No,Yes,No,No
18,Female,Native American/American Indian,Never been married,High school graduate,Not employed for pay,30,Yes,No,No,Yes,No
72,Male,Mixed race,Divorced,"Some college, no 4-year degree",Retired,30,Yes,No,No,Yes,No
54,Male,Mixed race,Married,"Some college, no 4-year degree",Employed full-time,30,Yes,Yes,Yes,No,Yes
16,Female,Mixed race,Never been married,High school incomplete,Not employed for pay,30,No,Yes,No,Yes,Yes
50,Female,Asian or Pacific Islander,Married,"Some college, no 4-year degree",Not employed for pay,30,Yes,No,No,Yes,Yes
35,Male,Asian or Pacific Islander,Never been married,College graduate,Employed full-time,30,Yes,Yes,Yes,Yes,Yes
63,Female,Black or African-American,Widowed,Post-graduate training/professional school after college,Retired,30,Yes,Yes,Yes,Yes,Yes
57,Female,Black or African-American,Never been married,High school graduate,Employed full-time,30,Yes,No,No,Yes,Yes
56,Female,Black or African-American,Divorced,Post-graduate training/professional school after college,Employed full-time,30,Yes,No,Yes,Yes,Yes
52,Female,Black or African-American,Never been married,College graduate,Not employed for pay,30,Yes,No,No,No,Yes
42,Female,Black or African-American,Never been married,Post-graduate training/professional school after college,Employed full-time,30,Yes,No,Yes,Yes,Yes
29,Male,Black or African-American,Never been married,College graduate,Employed full-time,30,Yes,No,Yes,No,No
29,Male,Black or African-American,Never been married,College graduate,Employed part-time,30,Yes,Yes,No,Yes,Yes
25,Male,Black or African-American,Never been married,High school graduate,Not employed for pay,30,Yes,No,Yes,Yes,Yes
23,Male,Black or African-American,Living with a partner,"Some college, no 4-year degree",Not employed for pay,30,Yes,No,No,Yes,No
22,Male,Black or African-American,Never been married,High school graduate,Employed part-time,30,Yes,No,Yes,No,No
20,Female,Black or African-American,Never been married,"Some college, no 4-year degree",Not employed for pay,30,Yes,Yes,No,Yes,No
20,Male,Black or African-American,Never been married,High school graduate,Employed part-time,30,Yes,No,Yes,Yes,Yes
16,Female,Black or African-American,Never been married,High school incomplete,Student,30,Yes,No,No,No,Yes
16,Male,Black or African-American,Married,High school incomplete,Not employed for pay,30,No,No,No,Yes,No
16,Male,Black or African-American,Never been married,High school incomplete,Employed part-time,30,Yes,No,No,Yes,No
82,Male,White,Married,College graduate,Retired,30,Yes,No,Yes,Yes,Yes
77,Female,White,Married,High school graduate,Retired,30,Yes,No,Yes,Yes,Yes
74,Female,White,Married,"Some college, no 4-year degree",Retired,30,Yes,No,No,Yes,Yes
72,Female,White,Widowed,"Technical, trade or vocational school AFTER high school",Retired,30,Yes,No,No,Yes,No
71,Male,White,Married,College graduate,Retired,30,Yes,No,Yes,Yes,Yes
71,Female,White,Married,"Some college, no 4-year degree",Disabled,30,Yes,No,No,Yes,No
71,Female,White,Widowed,"Some college, no 4-year degree",Retired,30,Yes,Yes,No,Yes,Yes
70,Female,White,Married,"Some college, no 4-year degree",Employed full-time,30,Yes,No,No,Yes,Yes
67,Female,White,Married,High school incomplete,Retired,30,Yes,No,No,No,Yes
67,Female,White,Married,College graduate,Retired,30,Yes,No,No,Yes,Yes
66,Female,White,Married,"Some college, no 4-year degree",Retired,30,Yes,Yes,Yes,No,Yes
65,Male,White,Married,Post-graduate training/professional school after college,Retired,30,Yes,No,Yes,Yes,Yes
65,Female,White,Married,High school graduate,Retired,30,Yes,No,Yes,Yes,Yes
63,Male,White,Divorced,Post-graduate training/professional school after college,Retired,30,Yes,Yes,No,Yes,Yes
62,Female,White,Divorced,Post-graduate training/professional school after college,Retired,30,Yes,No,No,No,Yes
62,Male,White,Married,College graduate,Employed full-time,30,Yes,No,No,No,Yes
61,Female,White,Married,Post-graduate training/professional school after college,Retired,30,Yes,No,Yes,Yes,Yes
60,Male,White,Married,High school graduate,Retired,30,Yes,No,Yes,Yes,No
60,Female,White,Married,Post-graduate training/professional school after college,Employed part-time,30,Yes,No,No,Yes,Yes
59,Male,White,Married,College graduate,Retired,30,Yes,No,No,Yes,Yes
58,Male,White,Married,Post-graduate training/professional school after college,Employed full-time,30,Yes,No,Yes,Yes,No
57,Male,White,Married,Post-graduate training/professional school after college,Retired,30,Yes,No,No,No,Yes
57,Female,White,Married,College graduate,Employed full-time,30,Yes,Yes,Yes,Yes,Yes
57,Male,White,Married,Post-graduate training/professional school after college,Employed full-time,30,Yes,No,No,Yes,Yes
56,Female,White,Married,Post-graduate training/professional school after college,Employed full-time,30,Yes,Yes,Yes,Yes,Yes
55,Female,White,Married,Post-graduate training/professional school after college,Employed full-time,30,Yes,Yes,Yes,Yes,Yes
55,Male,White,Divorced,"Some college, no 4-year degree",Retired,30,Yes,Yes,Yes,No,No
54,Female,White,Married,College graduate,Employed full-time,30,Yes,No,Yes,Yes,Yes
54,Female,White,Married,Post-graduate training/professional school after college,Retired,30,Yes,No,No,Yes,Yes
54,Female,White,Separated,None,Disabled,30,No,No,No,Yes,No
54,Male,White,Married,Post-graduate training/professional school after college,Employed full-time,30,Yes,No,No,No,Yes
53,Female,White,Divorced,"Technical, trade or vocational school AFTER high school",Disabled,30,Yes,No,No,No,No
52,Female,White,Divorced,Post-graduate training/professional school after college,Employed full-time,30,Yes,No,Yes,No,No
51,Female,White,Married,High school graduate,Employed full-time,30,Yes,No,Yes,No,No
51,Female,White,Separated,College graduate,Employed full-time,30,Yes,No,Yes,No,Yes
51,Female,White,Married,"Some college, no 4-year degree",Employed full-time,30,Yes,No,Yes,No,No
51,Male,White,Married,College graduate,Employed part-time,30,Yes,Yes,No,Yes,Yes
50,Female,White,Never been married,College graduate,Employed full-time,30,Yes,No,No,Yes,No
50,Male,White,Never been married,Post-graduate training/professional school after college,Not employed for pay,30,Yes,Yes,Yes,No,No
50,Male,White,Married,College graduate,Employed full-time,30,Yes,No,No,No,Yes
50,Male,White,Married,Post-graduate training/professional school after college,Employed full-time,30,Yes,No,Yes,Yes,Yes
49,Male,White,Never been married,"Technical, trade or vocational school AFTER high school",Employed part-time,30,Yes,No,Yes,No,Yes
49,Male,White,Widowed,"Some college, no 4-year degree",Employed full-time,30,Yes,No,No,Yes,Yes
46,Male,White,Married,Post-graduate training/professional school after college,Employed full-time,30,Yes,No,Yes,Yes,No
44,Female,White,Married,High school graduate,Have own business/self-employed,30,Yes,Yes,Yes,Yes,No
44,Male,White,Married,"Some college, no 4-year degree",Employed full-time,30,Yes,No,No,Yes,Yes
42,Female,White,Married,Post-graduate training/professional school after college,Employed part-time,30,Yes,No,No,Yes,No
42,Female,White,Divorced,Post-graduate training/professional school after college,Employed full-time,30,Yes,No,No,Yes,No
41,Male,White,Divorced,"Some college, no 4-year degree",Employed full-time,30,Yes,No,No,No,No
40,Male,White,Divorced,"Some college, no 4-year degree",Retired,30,Yes,No,Yes,Yes,No
40,Female,White,Married,College graduate,Employed full-time,30,Yes,No,Yes,Yes,No
39,Female,White,Divorced,College graduate,Not employed for pay,30,Yes,No,No,Yes,No
39,Female,White,Never been married,College graduate,Not employed for pay,30,Yes,No,Yes,Yes,Yes
38,Female,White,Married,High school graduate,Employed full-time,30,Yes,No,No,No,No
37,Female,White,Married,College graduate,Employed full-time,30,Yes,No,Yes,No,Yes
36,Female,White,Married,College graduate,Employed part-time,30,Yes,No,Yes,Yes,Yes
34,Male,White,Married,College graduate,Employed full-time,30,Yes,No,Yes,Yes,Yes
33,Male,White,Living with a partner,"Some college, no 4-year degree",Employed full-time,30,Yes,No,No,No,No
33,Male,White,Never been married,"Some college, no 4-year degree",Employed part-time,30,Yes,No,No,No,Yes
32,Male,White,Married,Post-graduate training/professional school after college,Employed full-time,30,Yes,Yes,Yes,Yes,Yes
31,Female,White,Married,High school graduate,Employed part-time,30,Yes,No,Yes,No,No
29,Female,White,Married,College graduate,Not employed for pay,30,Yes,No,Yes,No,No
29,Male,White,Never been married,Post-graduate training/professional school after college,Employed full-time,30,Yes,No,Yes,Yes,Yes
29,Female,White,Married,Post-graduate training/professional school after college,Employed full-time,30,Yes,No,Yes,Yes,Yes
28,Male,White,Never been married,"Some college, no 4-year degree",Not employed for pay,30,Yes,No,No,Yes,No
27,Male,White,Married,College graduate,Employed full-time,30,Yes,No,No,No,Yes
23,Female,White,Never been married,High school graduate,Employed full-time,30,Yes,Yes,Yes,Yes,No
23,Female,White,Never been married,"Some college, no 4-year degree",Not employed for pay,30,Yes,No,Yes,Yes,No
22,Female,White,Never been married,Post-graduate training/professional school after college,Employed full-time,30,Yes,No,Yes,Yes,Yes
22,Male,White,Never been married,"Some college, no 4-year degree",Not employed for pay,30,Yes,No,Yes,No,No
22,Male,White,Never been married,"Some college, no 4-year degree",Employed part-time,30,Yes,No,Yes,No,No
22,Female,White,Married,High school graduate,Employed full-time,30,No,No,No,Yes,Yes
21,Male,White,Never been married,"Some college, no 4-year degree",Employed part-time,30,Yes,No,No,No,Yes
20,Male,White,Never been married,"Some college, no 4-year degree",Employed part-time,30,Yes,No,No,No,No
20,Female,White,Married,"Some college, no 4-year degree",Employed part-time,30,Yes,No,No,No,No
19,Male,White,Single,High school graduate,Employed full-time,30,Yes,No,Yes,No,Yes
19,Male,White,Never been married,High school graduate,Not employed for pay,30,Yes,No,Yes,Yes,Yes
18,Male,White,Never been married,High school graduate,Not employed for pay,30,Yes,No,No,No,Yes
18,Female,White,Never been married,High school graduate,Employed part-time,30,Yes,No,No,Yes,No
17,Female,White,Never been married,High school incomplete,Not employed for pay,30,Yes,No,No,No,No
16,Female,White,Never been married,High school incomplete,Not employed for pay,30,Yes,No,No,Yes,Yes
16,Female,White,Never been married,None,Not employed for pay,30,Yes,Yes,No,No,Yes
74,Male,White,Married,Post-graduate training/professional school after college,Employed part-time,26,Yes,Yes,Yes,Yes,Yes
67,Female,White,Married,"Some college, no 4-year degree",Have own business/self-employed,26,Yes,No,No,No,Yes
49,Male,Refused,Living with a partner,Post-graduate training/professional school after college,Employed full-time,25,Yes,Yes,No,Yes,Yes
29,Male,Other,Living with a partner,High school graduate,Not employed for pay,25,Yes,No,Yes,No,No
26,Female,Other,Never been married,College graduate,Not employed for pay,25,Yes,No,No,No,No
51,Male,Native American/American Indian,Divorced,"Some college, no 4-year degree",Employed full-time,25,Yes,No,No,Yes,Yes
42,Male,Native American/American Indian,Married,High school incomplete,Disabled,25,Yes,Yes,Yes,No,Yes
31,Female,Native American/American Indian,Never been married,"Some college, no 4-year degree",Employed full-time,25,Yes,No,Yes,Yes,Yes
51,Female,Mixed race,Married,"Some college, no 4-year degree",Not employed for pay,25,Yes,No,No,Yes,No
55,Male,Black or African-American,Divorced,Post-graduate training/professional school after college,Employed full-time,25,Yes,No,No,No,No
49,Female,Black or African-American,Never been married,High school incomplete,Not employed for pay,25,Yes,No,No,No,Yes
17,Female,Black or African-American,Never been married,High school graduate,Employed part-time,25,Yes,No,No,No,Yes
85,Female,White,Divorced,College graduate,Retired,25,Yes,No,No,Yes,Yes
83,Male,White,Married,College graduate,Retired,25,Yes,No,No,Yes,Yes
83,Female,White,Widowed,"Some college, no 4-year degree",Retired,25,Yes,No,No,Yes,No
83,Female,White,Widowed,"Technical, trade or vocational school AFTER high school",Retired,25,Yes,No,No,Yes,Yes
82,Male,White,Married,Post-graduate training/professional school after college,Retired,25,Yes,No,No,Yes,Yes
82,Male,White,Married,Post-graduate training/professional school after college,Retired,25,Yes,No,Yes,Yes,Yes
79,Female,White,Widowed,High school graduate,Retired,25,Yes,Yes,No,Yes,Yes
78,Male,White,Married,Post-graduate training/professional school after college,Retired,25,Yes,Yes,No,Yes,No
76,Female,White,Living with a partner,College graduate,Retired,25,Yes,Yes,No,Yes,Yes
75,Female,White,Widowed,College graduate,Retired,25,Yes,Yes,No,Yes,Yes
75,Female,White,Married,College graduate,Retired,25,Yes,Yes,Yes,Yes,Yes
74,Male,White,Married,Post-graduate training/professional school after college,Not employed for pay,25,Yes,No,Yes,Yes,Yes
74,Female,White,Widowed,"Technical, trade or vocational school AFTER high school",Retired,25,Yes,Yes,Yes,Yes,No
72,Male,White,Married,High school graduate,Retired,25,Yes,No,No,Yes,No
72,Female,White,Married,Post-graduate training/professional school after college,Employed full-time,25,Yes,No,No,No,Yes
69,Female,White,Married,"Some college, no 4-year degree",Employed part-time,25,Yes,Yes,No,No,No
68,Female,White,Married,High school incomplete,Not employed for pay,25,Yes,No,No,Yes,Yes
67,Male,White,Married,College graduate,Employed full-time,25,No,Yes,Yes,Yes,Yes
66,Female,White,Married,"Some college, no 4-year degree",Retired,25,Yes,No,No,Yes,No
66,Male,White,Married,College graduate,Employed part-time,25,Yes,No,No,Yes,No
65,Female,White,Divorced,High school graduate,Employed part-time,25,Yes,No,No,Yes,Yes
63,Female,White,Living with a partner,High school graduate,Retired,25,Yes,No,Yes,Yes,No
63,Male,White,Married,Post-graduate training/professional school after college,Retired,25,Yes,No,No,Yes,Yes
63,Female,White,Married,Post-graduate training/professional school after college,Employed part-time,25,Yes,No,No,Yes,Yes
62,Female,White,Donâ€™t know,High school graduate,Retired,25,Yes,No,No,Yes,No
60,Male,White,Married,College graduate,Retired,25,Yes,No,Yes,Yes,No
58,Female,White,Married,Post-graduate training/professional school after college,Retired,25,Yes,No,No,Yes,No
58,Female,White,Divorced,Post-graduate training/professional school after college,Employed full-time,25,Yes,No,Yes,Yes,Yes
57,Female,White,Married,"Some college, no 4-year degree",Employed full-time,25,Yes,No,Yes,Yes,Yes
56,Male,White,Married,"Some college, no 4-year degree",Retired,25,Yes,Yes,Yes,Yes,Yes
55,Female,White,Married,College graduate,Retired,25,Yes,No,Yes,Yes,Yes
52,Female,White,Never been married,"Some college, no 4-year degree",Employed full-time,25,Yes,No,Yes,No,Yes
52,Female,White,Living with a partner,Post-graduate training/professional school after college,Employed full-time,25,Yes,Yes,Yes,Yes,Yes
49,Male,White,Married,High school graduate,Employed full-time,25,Yes,No,No,Yes,No
49,Female,White,Married,College graduate,Employed full-time,25,Yes,No,Yes,Yes,Yes
49,Female,White,Married,Post-graduate training/professional school after college,Employed part-time,25,Yes,No,No,No,Yes
48,Male,White,Married,Post-graduate training/professional school after college,Employed full-time,25,Yes,Yes,Yes,No,Yes
47,Female,White,Separated,Post-graduate training/professional school after college,Employed full-time,25,Yes,No,Yes,Yes,No
47,Male,White,Married,College graduate,Not employed for pay,25,Yes,No,No,Yes,Yes
47,Male,White,Married,Post-graduate training/professional school after college,Employed full-time,25,Yes,No,Yes,Yes,No
47,Female,White,Married,None,Not employed for pay,25,Yes,No,No,No,No
47,Male,White,Married,Post-graduate training/professional school after college,Employed full-time,25,Yes,No,No,Yes,Yes
46,Male,White,Single,"Some college, no 4-year degree",Employed full-time,25,Yes,No,No,Yes,Yes
45,Female,White,Married,Post-graduate training/professional school after college,Employed full-time,25,Yes,No,Yes,Yes,Yes
44,Female,White,Married,Post-graduate training/professional school after college,Employed full-time,25,Yes,No,Yes,Yes,Yes
44,Female,White,Never been married,"Some college, no 4-year degree",Not employed for pay,25,Yes,Yes,Yes,Yes,No
43,Male,White,Married,Post-graduate training/professional school after college,Employed full-time,25,Yes,No,No,No,Yes
42,Female,White,Married,High school graduate,Employed full-time,25,Yes,No,No,No,No
42,Male,White,Married,"Technical, trade or vocational school AFTER high school",Employed full-time,25,No,No,No,Yes,Yes
40,Male,White,Married,College graduate,Employed full-time,25,Yes,No,Yes,Yes,Yes
39,Male,White,Married,College graduate,Employed full-time,25,Yes,Yes,Yes,No,Yes
39,Male,White,Married,High school graduate,Employed full-time,25,Yes,No,No,Yes,Yes
39,Male,White,Married,College graduate,Have own business/self-employed,25,Yes,No,No,No,Yes
38,Female,White,Married,College graduate,Not employed for pay,25,Yes,Yes,Yes,Yes,Yes
37,Female,White,Married,Post-graduate training/professional school after college,Employed part-time,25,Yes,Yes,Yes,No,Yes
35,Male,White,Married,"Some college, no 4-year degree",Employed full-time,25,Yes,No,No,No,Yes
35,Male,White,Widowed,Post-graduate training/professional school after college,Employed full-time,25,Yes,No,Yes,Yes,Yes
34,Female,White,Married,Post-graduate training/professional school after college,Employed full-time,25,Yes,No,Yes,Yes,No
32,Female,White,Married,"Some college, no 4-year degree",Disabled,25,Yes,No,No,No,Yes
27,Male,White,Never been married,College graduate,Employed part-time,25,Yes,Yes,Yes,Yes,Yes
27,Female,White,Married,Post-graduate training/professional school after college,Employed full-time,25,Yes,No,No,Yes,No
25,Male,White,Never been married,College graduate,Employed full-time,25,Yes,No,Yes,Yes,No
25,Male,White,Married,"Some college, no 4-year degree",Employed full-time,25,Yes,No,Yes,Yes,Yes
24,Female,White,Never been married,High school graduate,Employed full-time,25,Yes,No,No,No,No
23,Male,White,Married,College graduate,Employed full-time,25,Yes,Yes,No,No,No
21,Male,White,Never been married,High school graduate,Employed full-time,25,Yes,No,No,Yes,Yes
21,Male,White,Never been married,"Some college, no 4-year degree",Not employed for pay,25,No,No,Yes,No,No
19,Male,White,Never been married,High school graduate,Not employed for pay,25,Yes,No,No,Yes,No
17,Male,White,Never been married,High school incomplete,Employed part-time,25,Yes,No,No,No,No
17,Male,White,Never been married,High school incomplete,Employed part-time,25,No,No,Yes,Yes,Yes
17,Female,White,Never been married,High school incomplete,Not employed for pay,25,Yes,No,No,No,Yes
16,Female,White,Never been married,High school incomplete,Not employed for pay,25,Yes,No,No,Yes,No
16,Male,Mixed race,Single,None,Not employed for pay,24,Yes,No,No,No,No
65,Male,Black or African-American,Divorced,College graduate,Retired,24,Yes,No,No,Yes,Yes
55,Male,Black or African-American,Divorced,High school graduate,Disabled,24,Yes,No,No,No,No
51,Male,Black or African-American,Separated,High school graduate,Disabled,24,Yes,No,No,Yes,No
30,Male,Black or African-American,Never been married,"Some college, no 4-year degree",Employed full-time,24,Yes,No,Yes,Yes,Yes
85,Female,White,Married,High school graduate,Retired,24,Yes,No,No,Yes,Yes
85,Male,White,Married,College graduate,Employed part-time,24,Yes,No,No,Yes,Yes
84,Female,White,Widowed,High school graduate,Not employed for pay,24,Yes,No,No,Yes,No
83,Female,White,Widowed,"Some college, no 4-year degree",Retired,24,Yes,No,No,Yes,No
75,Female,White,Married,College graduate,Retired,24,Yes,Yes,Yes,No,Yes
69,Female,White,Married,College graduate,Retired,24,Yes,No,No,Yes,Yes
69,Male,White,Never been married,High school graduate,Retired,24,Yes,No,No,Yes,Yes
67,Female,White,Divorced,Post-graduate training/professional school after college,Employed part-time,24,Yes,Yes,Yes,No,No
65,Male,White,Married,"Some college, no 4-year degree",Employed part-time,24,Yes,Yes,No,Yes,Yes
64,Female,White,Married,College graduate,Retired,24,Yes,No,No,Yes,No
63,Female,White,Married,"Some college, no 4-year degree",Employed full-time,24,Yes,No,No,Yes,No
62,Male,White,Divorced,Post-graduate training/professional school after college,Retired,24,Yes,No,Yes,Yes,Yes
60,Female,White,Married,High school graduate,Employed full-time,24,No,No,Yes,No,No
60,Female,White,Widowed,High school graduate,Employed part-time,24,Yes,No,No,Yes,No
60,Female,White,Married,High school graduate,Employed part-time,24,Yes,No,No,Yes,Yes
60,Male,White,Married,College graduate,Employed full-time,24,Yes,No,Yes,Yes,Yes
59,Female,White,Married,Post-graduate training/professional school after college,Not employed for pay,24,Yes,Yes,No,Yes,Yes
58,Male,White,Separated,College graduate,Retired,24,Yes,No,No,Yes,Yes
57,Female,White,Married,High school graduate,Employed full-time,24,Yes,No,No,Yes,No
55,Female,White,Married,College graduate,Employed full-time,24,No,Yes,Yes,Yes,No
54,Female,White,Married,College graduate,Employed part-time,24,Yes,No,Yes,Yes,Yes
51,Female,White,Married,"Technical, trade or vocational school AFTER high school",Retired,24,Yes,No,Yes,No,Yes
50,Male,White,Married,"Some college, no 4-year degree",Not employed for pay,24,Yes,No,No,Yes,Yes
50,Female,White,Married,"Some college, no 4-year degree",Employed full-time,24,Yes,No,No,Yes,No
50,Male,White,Married,Post-graduate training/professional school after college,Employed full-time,24,Yes,No,Yes,Yes,No
47,Female,White,Married,"Some college, no 4-year degree",Employed part-time,24,Yes,No,No,Yes,Yes
47,Female,White,Never been married,Post-graduate training/professional school after college,Not employed for pay,24,Yes,No,Yes,No,No
41,Male,White,Married,College graduate,Retired,24,Yes,No,Yes,Yes,Yes
33,Female,White,Married,Post-graduate training/professional school after college,Not employed for pay,24,Yes,No,No,No,Yes
17,Female,White,Never been married,High school incomplete,Not employed for pay,24,Yes,No,No,Yes,Yes
21,Female,White,Never been married,College graduate,Employed full-time,23,Yes,No,Yes,Yes,Yes
58,Female,White,Married,"Some college, no 4-year degree",Employed part-time,22,Yes,Yes,Yes,Yes,No
50,Female,Refused,Donâ€™t know,Post-graduate training/professional school after college,Employed full-time,20,Yes,Yes,Yes,Yes,Yes
49,Female,Refused,Divorced,Post-graduate training/professional school after college,Employed part-time,20,Yes,No,No,Yes,Yes
46,Female,Refused,Living with a partner,High school graduate,Employed full-time,20,Yes,No,No,Yes,No
38,Male,Refused,Married,Post-graduate training/professional school after college,Employed full-time,20,Yes,Yes,Yes,Yes,Yes
21,Male,Other,Living with a partner,High school incomplete,Employed part-time,20,Yes,No,No,No,Yes
40,Female,Native American/American Indian,Divorced,Post-graduate training/professional school after college,Employed full-time,20,Yes,No,Yes,Yes,Yes
39,Male,Mixed race,Never been married,College graduate,Employed full-time,20,Yes,No,No,No,No
27,Female,Mixed race,Married,"Some college, no 4-year degree",Employed full-time,20,No,Yes,No,Yes,Yes
24,Male,Mixed race,Never been married,Post-graduate training/professional school after college,Employed full-time,20,Yes,No,Yes,No,No
17,Female,Mixed race,Never been married,High school incomplete,Employed full-time,20,Yes,Yes,Yes,Yes,No
17,Female,Mixed race,Never been married,High school incomplete,Not employed for pay,20,Yes,No,No,No,No
16,Male,Mixed race,Never been married,High school incomplete,Student,20,Yes,No,Yes,No,Yes
47,Male,Asian or Pacific Islander,Married,"Technical, trade or vocational school AFTER high school",Student,20,Yes,No,No,No,Yes
34,Female,Asian or Pacific Islander,Married,Post-graduate training/professional school after college,Employed full-time,20,Yes,No,Yes,No,Yes
25,Male,Asian or Pacific Islander,Never been married,College graduate,Employed full-time,20,Yes,No,Yes,Yes,Yes
25,Female,Asian or Pacific Islander,Living with a partner,College graduate,Employed full-time,20,Yes,No,No,Yes,Yes
78,Female,Black or African-American,Widowed,High school graduate,Retired,20,No,No,Yes,No,Yes
60,Male,Black or African-American,Married,Post-graduate training/professional school after college,Employed full-time,20,Yes,Yes,No,Yes,Yes
56,Female,Black or African-American,Divorced,High school graduate,Employed full-time,20,Yes,No,No,Yes,No
47,Male,Black or African-American,Married,"Some college, no 4-year degree",Employed full-time,20,Yes,No,No,Yes,Yes
47,Male,Black or African-American,Married,High school graduate,Employed full-time,20,Yes,Yes,Yes,Yes,No
37,Male,Black or African-American,Married,College graduate,Employed full-time,20,Yes,No,No,Yes,Yes
37,Male,Black or African-American,Living with a partner,"Some college, no 4-year degree",Employed full-time,20,Yes,No,No,Yes,No
31,Female,Black or African-American,Living with a partner,High school graduate,Employed full-time,20,Yes,No,No,Yes,Yes
29,Male,Black or African-American,Separated,Donâ€™t know,Employed full-time,20,Yes,No,No,No,No
22,Female,Black or African-American,Never been married,"Some college, no 4-year degree",Not employed for pay,20,Yes,No,Yes,No,Yes
17,Female,Black or African-American,Never been married,High school incomplete,Not employed for pay,20,Yes,No,No,No,Yes
83,Female,White,Widowed,Post-graduate training/professional school after college,Retired,20,Yes,No,Yes,No,No
80,Female,White,Divorced,"Some college, no 4-year degree",Retired,20,Yes,No,No,Yes,No
80,Male,White,Married,Post-graduate training/professional school after college,Retired,20,Yes,No,No,Yes,Yes
73,Female,White,Divorced,College graduate,Employed full-time,20,Yes,No,Yes,Yes,Yes
72,Male,White,Divorced,College graduate,Retired,20,Yes,Yes,Yes,Yes,Yes
72,Female,White,Married,High school graduate,Retired,20,Yes,No,No,No,Yes
70,Male,White,Divorced,College graduate,Retired,20,Yes,No,No,Yes,No
70,Female,White,Married,Post-graduate training/professional school after college,Employed part-time,20,Yes,No,Yes,Yes,No
70,Female,White,Married,High school graduate,Employed part-time,20,Yes,No,Yes,Yes,Yes
70,Male,White,Married,Post-graduate training/professional school after college,Retired,20,Yes,No,Yes,Yes,Yes
70,Female,White,Married,Post-graduate training/professional school after college,Retired,20,Yes,No,No,Yes,Yes
69,Female,White,Widowed,"Some college, no 4-year degree",Retired,20,Yes,No,No,No,No
69,Female,White,Married,College graduate,Retired,20,Yes,Yes,Yes,No,Yes
69,Male,White,Married,College graduate,Retired,20,Yes,No,No,Yes,Yes
68,Male,White,Married,College graduate,Retired,20,Yes,No,Yes,Yes,Yes
68,Female,White,Married,Post-graduate training/professional school after college,Retired,20,Yes,Yes,Yes,No,Yes
68,Female,White,Married,College graduate,Retired,20,Yes,No,Yes,Yes,Yes
68,Female,White,Married,High school graduate,Retired,20,Yes,No,No,Yes,No
67,Male,White,Married,College graduate,Retired,20,No,No,Yes,Yes,No
66,Female,White,Divorced,Post-graduate training/professional school after college,Employed full-time,20,Yes,No,Yes,Yes,Yes
66,Female,White,Never been married,Post-graduate training/professional school after college,Employed full-time,20,Yes,Yes,Yes,Yes,Yes
65,Female,White,Married,Post-graduate training/professional school after college,Retired,20,Yes,No,Yes,Yes,Yes
65,Female,White,Married,"Some college, no 4-year degree",Retired,20,Yes,No,Yes,No,No
64,Male,White,Married,Post-graduate training/professional school after college,Retired,20,Yes,No,Yes,Yes,Yes
64,Female,White,Single,Post-graduate training/professional school after college,Employed part-time,20,Yes,No,No,Yes,Yes
63,Female,White,Married,High school graduate,Retired,20,Yes,No,No,Yes,Yes
63,Female,White,Married,Post-graduate training/professional school after college,Employed part-time,20,Yes,Yes,No,Yes,Yes
63,Female,White,Married,College graduate,Retired,20,Yes,No,No,Yes,Yes
62,Female,White,Divorced,Post-graduate training/professional school after college,Employed full-time,20,Yes,No,No,Yes,Yes
62,Female,White,Married,"Some college, no 4-year degree",Employed full-time,20,Yes,No,No,No,No
62,Female,White,Married,Post-graduate training/professional school after college,Employed part-time,20,No,Yes,Yes,No,No
62,Male,White,Married,Post-graduate training/professional school after college,Employed full-time,20,Yes,No,No,Yes,Yes
62,Female,White,Married,"Some college, no 4-year degree",Retired,20,Yes,No,No,Yes,No
61,Female,White,Divorced,Post-graduate training/professional school after college,Employed part-time,20,Yes,Yes,Yes,Yes,No
60,Male,White,Married,"Some college, no 4-year degree",Employed full-time,20,Yes,No,No,Yes,No
60,Male,White,Married,"Some college, no 4-year degree",Retired,20,Yes,No,No,Yes,No
60,Female,White,Married,"Some college, no 4-year degree",Employed part-time,20,Yes,No,Yes,Yes,Yes
60,Male,White,Married,High school graduate,Retired,20,Yes,No,No,Yes,Yes
60,Male,White,Divorced,Post-graduate training/professional school after college,Employed full-time,20,Yes,No,Yes,Yes,Yes
60,Female,White,Married,High school graduate,Not employed for pay,20,Yes,Yes,Yes,Yes,Yes
59,Female,White,Married,College graduate,Not employed for pay,20,No,No,Yes,Yes,No
59,Female,White,Married,College graduate,Disabled,20,Yes,No,No,Yes,Yes
58,Male,White,Married,College graduate,Employed full-time,20,Yes,No,Yes,Yes,Yes
57,Female,White,Married,Post-graduate training/professional school after college,Employed full-time,20,Yes,No,No,Yes,Yes
56,Female,White,Married,Post-graduate training/professional school after college,Employed full-time,20,Yes,No,No,Yes,Yes
56,Female,White,Married,College graduate,Employed full-time,20,Yes,No,No,Yes,Yes
56,Male,White,Married,College graduate,Employed full-time,20,Yes,No,Yes,Yes,Yes
55,Female,White,Married,College graduate,Employed full-time,20,Yes,Yes,No,No,Yes
55,Male,White,Married,"Some college, no 4-year degree",Employed full-time,20,No,Yes,No,No,No
55,Female,White,Divorced,High school graduate,Employed full-time,20,Yes,No,No,Yes,No
55,Male,White,Married,College graduate,Employed full-time,20,Yes,No,Yes,Yes,Yes
54,Male,White,Living with a partner,"Some college, no 4-year degree",Employed full-time,20,Yes,No,No,No,No
54,Male,White,Married,College graduate,Employed full-time,20,Yes,No,No,Yes,Yes
54,Male,White,Divorced,College graduate,Employed full-time,20,Yes,No,No,Yes,Yes
54,Male,White,Married,High school graduate,Employed part-time,20,Yes,No,Yes,Yes,No
54,Male,White,Never been married,Post-graduate training/professional school after college,Retired,20,Yes,No,Yes,Yes,Yes
53,Female,White,Divorced,High school graduate,Employed part-time,20,No,No,Yes,Yes,No
53,Female,White,Married,College graduate,Not employed for pay,20,Yes,Yes,Yes,No,Yes
52,Female,White,Never been married,"Some college, no 4-year degree",Employed full-time,20,Yes,No,No,Yes,Yes
52,Female,White,Divorced,"Some college, no 4-year degree",Employed full-time,20,Yes,No,No,Yes,Yes
50,Male,White,Never been married,College graduate,Employed full-time,20,Yes,Yes,Yes,No,Yes
49,Female,White,Living with a partner,High school graduate,Employed full-time,20,Yes,No,No,Yes,No
48,Male,White,Married,Post-graduate training/professional school after college,Employed full-time,20,Yes,Yes,No,Yes,Yes
48,Female,White,Living with a partner,College graduate,Employed full-time,20,Yes,No,Yes,Yes,Yes
48,Female,White,Married,"Some college, no 4-year degree",Employed part-time,20,Yes,Yes,No,Yes,Yes
48,Female,White,Married,Post-graduate training/professional school after college,Employed full-time,20,Yes,No,Yes,No,Yes
47,Female,White,Married,Post-graduate training/professional school after college,Employed part-time,20,Yes,Yes,No,Yes,Yes
47,Female,White,Married,College graduate,Employed full-time,20,Yes,No,Yes,No,Yes
45,Female,White,Married,Post-graduate training/professional school after college,Employed full-time,20,Yes,Yes,Yes,No,Yes
44,Male,White,Married,Post-graduate training/professional school after college,Employed full-time,20,Yes,No,No,Yes,Yes
44,Female,White,Married,Post-graduate training/professional school after college,Employed full-time,20,Yes,No,Yes,Yes,Yes
44,Male,White,Married,"Some college, no 4-year degree",Retired,20,Yes,Yes,Yes,Yes,Yes
44,Male,White,Married,College graduate,Not employed for pay,20,Yes,No,No,No,No
43,Female,White,Married,College graduate,Employed full-time,20,Yes,No,Yes,No,Yes
43,Female,White,Never been married,Post-graduate training/professional school after college,Employed full-time,20,Yes,No,Yes,No,Yes
42,Female,White,Married,High school graduate,Employed full-time,20,No,Yes,No,Yes,No
42,Male,White,Married,College graduate,Employed full-time,20,Yes,Yes,No,No,No
42,Male,White,Married,Post-graduate training/professional school after college,Employed full-time,20,Yes,No,No,Yes,No
42,Female,White,Married,High school graduate,Employed full-time,20,Yes,No,No,No,No
40,Female,White,Married,Post-graduate training/professional school after college,Employed full-time,20,Yes,No,Yes,Yes,Yes
40,Male,White,Married,Post-graduate training/professional school after college,Employed full-time,20,Yes,Yes,Yes,Yes,Yes
40,Male,White,Married,College graduate,Employed full-time,20,Yes,Yes,No,Yes,Yes
39,Female,White,Married,Post-graduate training/professional school after college,Not employed for pay,20,Yes,No,No,No,Yes
39,Male,White,Married,College graduate,Employed full-time,20,Yes,No,No,Yes,Yes
38,Female,White,Married,"Some college, no 4-year degree",Employed part-time,20,Yes,No,No,Yes,Yes
38,Female,White,Living with a partner,Post-graduate training/professional school after college,Employed full-time,20,Yes,No,Yes,Yes,No
38,Male,White,Married,"Some college, no 4-year degree",Employed full-time,20,Yes,Yes,No,Yes,No
37,Female,White,Married,College graduate,Not employed for pay,20,Yes,No,Yes,Yes,No
35,Male,White,Married,College graduate,Employed full-time,20,Yes,Yes,No,Yes,No
34,Male,White,Never been married,"Some college, no 4-year degree",Student,20,Yes,No,Yes,Yes,No
34,Female,White,Married,"Some college, no 4-year degree",Employed full-time,20,Yes,No,Yes,Yes,No
33,Female,White,Married,Post-graduate training/professional school after college,Employed full-time,20,Yes,No,No,Yes,Yes
33,Male,White,Married,"Some college, no 4-year degree",Employed full-time,20,Yes,Yes,Yes,Yes,Yes
33,Male,White,Married,Post-graduate training/professional school after college,Employed full-time,20,Yes,Yes,Yes,Yes,Yes
33,Male,White,Married,College graduate,Employed full-time,20,Yes,No,No,No,Yes
33,Female,White,Married,"Some college, no 4-year degree",Not employed for pay,20,Yes,No,Yes,No,Yes
33,Male,White,Married,Post-graduate training/professional school after college,Employed full-time,20,Yes,No,Yes,Yes,No
32,Male,White,Married,Post-graduate training/professional school after college,Employed full-time,20,Yes,Yes,No,Yes,Yes
32,Female,White,Married,"Some college, no 4-year degree",Employed full-time,20,Yes,No,Yes,Yes,No
31,Female,White,Married,Post-graduate training/professional school after college,Employed full-time,20,Yes,Yes,No,Yes,No
31,Female,White,Married,"Some college, no 4-year degree",Other,20,No,No,Yes,Yes,Yes
30,Male,White,Never been married,College graduate,Employed full-time,20,No,No,No,No,No
29,Male,White,Married,Post-graduate training/professional school after college,Employed full-time,20,Yes,No,No,Yes,Yes
26,Female,White,Married,College graduate,Employed full-time,20,Yes,No,Yes,No,No
26,Female,White,Married,College graduate,Employed full-time,20,Yes,No,Yes,No,Yes
26,Female,White,Married,High school graduate,Employed full-time,20,Yes,No,Yes,Yes,No
26,Male,White,Living with a partner,High school graduate,Not employed for pay,20,Yes,No,Yes,Yes,Yes
25,Male,White,Never been married,College graduate,Employed full-time,20,Yes,Yes,Yes,Yes,Yes
24,Female,White,Married,College graduate,Not employed for pay,20,Yes,No,No,No,Yes
24,Male,White,Never been married,College graduate,Employed full-time,20,Yes,No,No,Yes,Yes
24,Female,White,Married,"Some college, no 4-year degree",Employed full-time,20,Yes,Yes,No,No,No
24,Female,White,Never been married,"Some college, no 4-year degree",Employed full-time,20,Yes,No,No,No,Yes
23,Male,White,Never been married,"Some college, no 4-year degree",Employed full-time,20,Yes,No,No,Yes,No
23,Female,White,Never been married,"Some college, no 4-year degree",Not employed for pay,20,Yes,No,Yes,No,No
23,Female,White,Never been married,Post-graduate training/professional school after college,Student,20,Yes,Yes,Yes,No,No
22,Female,White,Single,Post-graduate training/professional school after college,Employed part-time,20,Yes,No,No,No,No
21,Female,White,Single,"Some college, no 4-year degree",Not employed for pay,20,Yes,No,No,No,Yes
21,Male,White,Never been married,College graduate,Employed full-time,20,Yes,No,Yes,Yes,Yes
20,Female,White,Never been married,"Some college, no 4-year degree",Employed part-time,20,Yes,No,Yes,Yes,Yes
19,Female,White,Never been married,"Some college, no 4-year degree",Employed part-time,20,Yes,No,Yes,No,No
18,Female,White,Never been married,High school graduate,Employed full-time,20,Yes,No,No,No,No
17,Female,White,Never been married,High school incomplete,Not employed for pay,20,Yes,No,No,No,No
17,Male,White,Never been married,High school incomplete,Not employed for pay,20,Yes,No,Yes,No,Yes
17,Female,White,Never been married,High school incomplete,Not employed for pay,20,Yes,No,No,No,Yes
16,Male,White,Never been married,High school incomplete,Not employed for pay,20,Yes,No,No,Yes,No
16,Female,White,Never been married,High school incomplete,Not employed for pay,20,Yes,No,Yes,Yes,Yes
16,Female,White,Never been married,High school incomplete,Student,20,Yes,No,No,Yes,Yes
16,Male,White,Never been married,High school incomplete,Employed part-time,20,Yes,No,No,No,No
16,Female,White,Never been married,High school incomplete,Not employed for pay,20,Yes,No,No,No,No
16,Male,White,Never been married,High school incomplete,Employed part-time,20,Yes,No,Yes,Yes,No
16,Female,White,Never been married,High school incomplete,Not employed for pay,20,Yes,Yes,No,No,Yes
16,Male,White,Never been married,High school incomplete,Not employed for pay,20,Yes,No,Yes,Yes,Yes
18,Female,White,Never been married,High school graduate,Employed part-time,19,Yes,No,No,Yes,No
76,Male,White,Married,"Some college, no 4-year degree",Employed part-time,18,Yes,Yes,Yes,Yes,No
72,Female,White,Widowed,College graduate,Retired,18,Yes,Yes,No,Yes,Yes
68,Female,White,Married,Post-graduate training/professional school after college,Not employed for pay,18,Yes,No,No,Yes,Yes
64,Female,White,Married,Post-graduate training/professional school after college,Retired,18,Yes,Yes,Yes,No,Yes
61,Female,White,Married,College graduate,Employed part-time,18,Yes,No,No,Yes,Yes
53,Male,White,Married,Post-graduate training/professional school after college,Employed full-time,18,No,Yes,Yes,Yes,No
53,Female,White,Never been married,"Technical, trade or vocational school AFTER high school",Disabled,18,Yes,No,No,No,No
51,Male,White,Married,"Some college, no 4-year degree",Employed full-time,18,Yes,Yes,Yes,Yes,Yes
50,Male,White,Married,High school graduate,Employed full-time,18,Yes,No,Yes,Yes,Yes
31,Female,White,Married,High school graduate,Not employed for pay,18,Yes,No,No,No,Yes
59,Male,Refused,Married,"Some college, no 4-year degree",Retired,17,Yes,No,No,Yes,No
60,Male,White,Married,College graduate,Employed full-time,17,Yes,Yes,No,No,No
43,Female,White,Widowed,College graduate,Employed full-time,17,Yes,No,Yes,Yes,Yes
30,Female,White,Married,Post-graduate training/professional school after college,Employed full-time,17,Yes,No,Yes,Yes,No
25,Male,White,Never been married,College graduate,Employed full-time,17,Yes,No,Yes,No,Yes
17,Male,White,Never been married,High school graduate,Not employed for pay,17,Yes,No,Yes,No,No
35,Male,Asian or Pacific Islander,Married,Post-graduate training/professional school after college,Employed full-time,16,Yes,No,Yes,No,No
50,Male,Black or African-American,Single,High school graduate,Not employed for pay,16,Yes,No,No,Yes,Yes
79,Female,White,Divorced,Post-graduate training/professional school after college,Retired,16,Yes,No,No,Yes,Yes
79,Female,White,Widowed,High school incomplete,Not employed for pay,16,Yes,No,No,Yes,Yes
78,Female,White,Widowed,High school graduate,Retired,16,Yes,No,No,No,Yes
76,Female,White,Married,Post-graduate training/professional school after college,Retired,16,Yes,No,No,Yes,Yes
67,Male,White,Single,"Some college, no 4-year degree",Retired,16,Yes,No,No,Yes,No
65,Male,White,Married,Post-graduate training/professional school after college,Retired,16,Yes,No,No,Yes,Yes
40,Female,White,Married,Post-graduate training/professional school after college,Employed full-time,16,No,No,Yes,Yes,Yes
36,Male,White,Married,Post-graduate training/professional school after college,Employed full-time,16,Yes,No,Yes,Yes,Yes
22,Male,White,Never been married,High school incomplete,Employed full-time,16,Yes,No,No,Yes,No
60,Female,Refused,Married,Post-graduate training/professional school after college,Employed full-time,15,Yes,No,No,Yes,Yes
29,Female,Other,Married,College graduate,Employed full-time,15,Yes,Yes,No,Yes,Yes
65,Female,Other,Married,High school incomplete,Employed part-time,15,Yes,No,No,Yes,Yes
37,Female,Other,Married,Post-graduate training/professional school after college,Not employed for pay,15,Yes,No,No,Yes,Yes
36,Female,Other,Married,College graduate,Employed full-time,15,Yes,Yes,Yes,Yes,No
62,Male,Native American/American Indian,Divorced,College graduate,Retired,15,Yes,Yes,No,No,No
69,Male,Mixed race,Married,College graduate,Retired,15,Yes,No,No,Yes,No
38,Female,Mixed race,Married,College graduate,Not employed for pay,15,Yes,No,No,No,Yes
57,Male,Asian or Pacific Islander,Married,College graduate,Not employed for pay,15,Yes,No,No,No,Yes
50,Male,Asian or Pacific Islander,Married,Post-graduate training/professional school after college,Employed full-time,15,Yes,No,Yes,Yes,Yes
33,Female,Asian or Pacific Islander,Never been married,Post-graduate training/professional school after college,Employed full-time,15,Yes,Yes,Yes,Yes,Yes
30,Female,Asian or Pacific Islander,Never been married,"Some college, no 4-year degree",Employed full-time,15,Yes,No,No,No,Yes
26,Female,Asian or Pacific Islander,Married,"Some college, no 4-year degree",Student,15,Yes,No,Yes,Yes,No
59,Female,Black or African-American,Married,College graduate,Retired,15,Yes,No,No,No,Yes
59,Male,Black or African-American,Married,High school graduate,Retired,15,Yes,No,No,No,Yes
51,Female,Black or African-American,Widowed,High school graduate,Employed part-time,15,Yes,No,Yes,Yes,Yes
40,Male,Black or African-American,Married,College graduate,Employed full-time,15,Yes,No,Yes,Yes,Yes
37,Male,Black or African-American,Living with a partner,College graduate,Employed full-time,15,Yes,No,Yes,Yes,Yes
32,Female,Black or African-American,Never been married,College graduate,Employed part-time,15,Yes,No,Yes,No,Yes
29,Female,Black or African-American,Widowed,"Some college, no 4-year degree",Not employed for pay,15,Yes,No,No,No,Yes
24,Female,Black or African-American,Single,College graduate,Employed full-time,15,Yes,No,No,Yes,Yes
81,Female,White,Widowed,"Some college, no 4-year degree",Retired,15,Yes,No,No,Yes,Yes
81,Male,White,Married,College graduate,Retired,15,Yes,No,No,Yes,No
78,Male,White,Divorced,Post-graduate training/professional school after college,Retired,15,Yes,No,No,No,Yes
78,Male,White,Widowed,"Some college, no 4-year degree",Have own business/self-employed,15,Yes,Yes,Yes,Yes,Yes
77,Female,White,Never been married,High school graduate,Employed part-time,15,Yes,No,No,Yes,Yes
75,Male,White,Married,High school graduate,Retired,15,Yes,No,No,Yes,Yes
71,Male,White,Married,Post-graduate training/professional school after college,Retired,15,Yes,No,No,Yes,No
71,Male,White,Widowed,High school incomplete,Retired,15,Yes,No,No,Yes,No
70,Female,White,Married,Post-graduate training/professional school after college,Retired,15,Yes,No,Yes,No,Yes
69,Female,White,Divorced,Post-graduate training/professional school after college,Retired,15,Yes,No,No,No,No
68,Female,White,Married,College graduate,Retired,15,Yes,Yes,No,No,Yes
68,Female,White,Divorced,"Some college, no 4-year degree",Employed full-time,15,Yes,No,No,Yes,Yes
68,Female,White,Widowed,Post-graduate training/professional school after college,Retired,15,No,No,Yes,Yes,Yes
67,Female,White,Married,Post-graduate training/professional school after college,Retired,15,Yes,No,No,Yes,Yes
66,Female,White,Divorced,"Some college, no 4-year degree",Employed full-time,15,Yes,No,No,No,No
66,Male,White,Married,"Some college, no 4-year degree",Retired,15,Yes,No,Yes,Yes,No
65,Female,White,Married,College graduate,Employed part-time,15,Yes,No,No,Yes,Yes
65,Male,White,Married,High school graduate,Retired,15,Yes,No,No,No,Yes
65,Female,White,Married,Post-graduate training/professional school after college,Retired,15,Yes,No,Yes,Yes,Yes
65,Male,White,Married,College graduate,Employed full-time,15,Yes,Yes,No,Yes,Yes
64,Male,White,Married,College graduate,Retired,15,Yes,No,Yes,Yes,No
64,Male,White,Divorced,High school graduate,Retired,15,Yes,No,No,No,Yes
63,Female,White,Married,College graduate,Disabled,15,Yes,No,No,Yes,No
62,Female,White,Never been married,"Some college, no 4-year degree",Retired,15,Yes,No,No,Yes,Yes
62,Male,White,Married,Post-graduate training/professional school after college,Retired,15,Yes,No,Yes,Yes,Yes
61,Male,White,Married,College graduate,Employed full-time,15,Yes,No,No,Yes,No
61,Male,White,Married,High school graduate,Employed full-time,15,Yes,No,No,Yes,Yes
60,Female,White,Married,College graduate,Employed full-time,15,Yes,Yes,No,No,Yes
60,Female,White,Married,College graduate,Employed part-time,15,Yes,Yes,No,Yes,Yes
59,Female,White,Divorced,Post-graduate training/professional school after college,Employed full-time,15,Yes,Yes,Yes,Yes,Yes
57,Female,White,Married,"Technical, trade or vocational school AFTER high school",Employed full-time,15,Yes,No,No,Yes,Yes
56,Female,White,Married,"Some college, no 4-year degree",Employed full-time,15,Yes,No,Yes,Yes,No
56,Female,White,Married,College graduate,Retired,15,Yes,No,No,Yes,Yes
55,Male,White,Married,High school graduate,Retired,15,No,Yes,Yes,Yes,No
55,Female,White,Married,High school graduate,Employed full-time,15,Yes,No,Yes,Yes,Yes
54,Male,White,Never been married,College graduate,Employed full-time,15,Yes,No,No,Yes,Yes
54,Male,White,Married,Post-graduate training/professional school after college,Employed full-time,15,Yes,No,Yes,No,Yes
54,Female,White,Married,College graduate,Employed full-time,15,Yes,No,Yes,No,Yes
52,Male,White,Married,College graduate,Employed full-time,15,Yes,No,Yes,Yes,Yes
51,Female,White,Married,"Some college, no 4-year degree",Employed full-time,15,Yes,No,Yes,No,Yes
51,Male,White,Divorced,"Some college, no 4-year degree",Employed full-time,15,Yes,No,No,Yes,No
50,Male,White,Living with a partner,High school graduate,Employed full-time,15,Yes,No,No,No,No
50,Female,White,Married,College graduate,Employed full-time,15,Yes,Yes,No,No,Yes
50,Male,White,Married,Post-graduate training/professional school after college,Employed part-time,15,Yes,No,No,Yes,Yes
50,Male,White,Married,"Some college, no 4-year degree",Have own business/self-employed,15,Yes,No,Yes,Yes,Yes
49,Male,White,Married,High school graduate,Employed full-time,15,Yes,No,No,Yes,No
48,Female,White,Married,College graduate,Retired,15,Yes,No,Yes,Yes,Yes
47,Female,White,Married,College graduate,Employed full-time,15,Yes,No,No,No,Yes
47,Male,White,Divorced,College graduate,Have own business/self-employed,15,Yes,No,No,Yes,No
45,Female,White,Married,Post-graduate training/professional school after college,Have own business/self-employed,15,Yes,No,No,No,Yes
44,Male,White,Married,Post-graduate training/professional school after college,Employed full-time,15,Yes,No,No,No,Yes
44,Female,White,Married,College graduate,Employed full-time,15,Yes,No,Yes,No,No
43,Male,White,Married,College graduate,Employed full-time,15,Yes,No,No,Yes,Yes
43,Female,White,Married,College graduate,Employed full-time,15,Yes,No,Yes,No,No
42,Female,White,Married,Post-graduate training/professional school after college,Employed part-time,15,No,Yes,Yes,No,No
42,Female,White,Married,College graduate,Employed part-time,15,No,No,No,No,No
40,Male,White,Married,High school graduate,Not employed for pay,15,Yes,No,No,Yes,No
39,Female,White,Divorced,Post-graduate training/professional school after college,Employed full-time,15,Yes,No,No,No,Yes
39,Male,White,Married,College graduate,Have own business/self-employed,15,Yes,Yes,Yes,No,No
39,Male,White,Married,"Some college, no 4-year degree",Employed full-time,15,Yes,Yes,Yes,No,Yes
39,Male,White,Divorced,"Some college, no 4-year degree",Employed full-time,15,Yes,No,No,Yes,Yes
37,Male,White,Married,Post-graduate training/professional school after college,Employed full-time,15,Yes,No,Yes,No,Yes
36,Male,White,Married,"Technical, trade or vocational school AFTER high school",Employed full-time,15,Yes,Yes,Yes,Yes,Yes
35,Female,White,Married,College graduate,Employed full-time,15,Yes,No,Yes,Yes,No
33,Male,White,Married,Post-graduate training/professional school after college,Employed full-time,15,No,No,Yes,Yes,No
32,Male,White,Married,College graduate,Employed full-time,15,Yes,No,Yes,Yes,Yes
32,Male,White,Married,High school graduate,Employed full-time,15,Yes,Yes,Yes,No,Yes
31,Female,White,Married,College graduate,Employed full-time,15,Yes,No,Yes,Yes,No
30,Male,White,Married,Post-graduate training/professional school after college,Employed full-time,15,Yes,No,Yes,No,No
30,Female,White,Married,College graduate,Not employed for pay,15,Yes,No,No,Yes,No
27,Female,White,Never been married,College graduate,Employed full-time,15,Yes,No,No,No,No
24,Male,White,Never been married,College graduate,Employed full-time,15,Yes,No,No,Yes,No
23,Male,White,Married,"Some college, no 4-year degree",Employed full-time,15,Yes,No,Yes,Yes,Yes
23,Female,White,Never been married,College graduate,Not employed for pay,15,Yes,No,No,No,No
22,Female,White,Married,"Some college, no 4-year degree",Not employed for pay,15,Yes,No,No,No,No
22,Male,White,Single,"Some college, no 4-year degree",Employed full-time,15,Yes,Yes,Yes,Yes,Yes
18,Female,White,Never been married,High school incomplete,Not employed for pay,15,Yes,No,No,No,No
17,Female,White,Never been married,High school incomplete,Employed part-time,15,Yes,No,No,No,Yes
17,Male,White,Never been married,High school incomplete,Employed part-time,15,Yes,No,No,No,Yes
17,Male,White,Never been married,High school incomplete,Not employed for pay,15,Yes,No,No,No,No
17,Male,White,Never been married,High school incomplete,Not employed for pay,15,Yes,No,No,Yes,Yes
16,Female,White,Never been married,High school incomplete,Not employed for pay,15,Yes,No,No,No,Yes
52,Female,Refused,Widowed,"Some college, no 4-year degree",Not employed for pay,14,Yes,No,No,No,No
16,Male,Asian or Pacific Islander,Never been married,High school incomplete,Not employed for pay,14,Yes,No,Yes,Yes,No
80,Male,White,Married,Post-graduate training/professional school after college,Retired,14,Yes,No,No,Yes,Yes
77,Male,White,Married,Post-graduate training/professional school after college,Retired,14,Yes,No,Yes,Yes,No
64,Female,White,Married,Post-graduate training/professional school after college,Employed full-time,14,Yes,No,No,No,No
53,Male,White,Married,"Some college, no 4-year degree",Retired,14,Yes,No,No,No,Yes
52,Male,White,Never been married,College graduate,Not employed for pay,14,Yes,No,No,Yes,Yes
52,Female,White,Married,"Some college, no 4-year degree",Not employed for pay,14,Yes,No,Yes,Yes,Yes
16,Female,White,Never been married,High school incomplete,Not employed for pay,14,Yes,No,No,No,Yes
47,Female,Black or African-American,Living with a partner,High school graduate,Employed full-time,13,Yes,No,No,No,Yes
24,Male,Black or African-American,Single,High school graduate,Employed full-time,13,No,Yes,No,No,Yes
21,Female,Black or African-American,Never been married,"Some college, no 4-year degree",Not employed for pay,13,Yes,No,No,No,Yes
52,Male,White,Married,Post-graduate training/professional school after college,Employed full-time,13,Yes,Yes,No,No,Yes
52,Male,White,Married,"Some college, no 4-year degree",Employed full-time,13,Yes,Yes,No,Yes,Yes
50,Female,White,Widowed,College graduate,Retired,13,Yes,No,No,No,Yes
42,Female,White,Separated,College graduate,Employed full-time,13,Yes,No,Yes,No,Yes
34,Female,White,Divorced,High school graduate,Employed full-time,13,Yes,No,Yes,Yes,No
30,Female,White,Married,Post-graduate training/professional school after college,Employed part-time,13,Yes,No,No,Yes,Yes
22,Female,White,Married,"Some college, no 4-year degree",Employed full-time,13,Yes,No,No,Yes,No
17,Male,White,Never been married,High school incomplete,Employed part-time,13,Yes,No,No,No,Yes
16,Female,White,Never been married,High school incomplete,Not employed for pay,13,Yes,No,Yes,No,Yes
78,Male,Refused,Married,Post-graduate training/professional school after college,Retired,12,Yes,No,No,Yes,No
76,Male,Refused,Married,"Some college, no 4-year degree",Employed part-time,12,Yes,No,Yes,Yes,No
63,Male,Other,Married,College graduate,Employed full-time,12,Yes,No,No,Yes,Yes
23,Male,Other,Married,High school graduate,Employed full-time,12,Yes,No,Yes,No,Yes
17,Female,Other,Never been married,High school incomplete,Employed part-time,12,Yes,No,Yes,Yes,Yes
69,Male,Native American/American Indian,Married,Post-graduate training/professional school after college,Retired,12,Yes,No,No,Yes,No
52,Male,Native American/American Indian,Married,"Some college, no 4-year degree",Employed full-time,12,Yes,No,No,No,No
41,Male,Native American/American Indian,Divorced,High school graduate,Not employed for pay,12,Yes,No,No,Yes,No
47,Female,Mixed race,Married,"Some college, no 4-year degree",Employed full-time,12,Yes,Yes,No,Yes,Yes
44,Female,Mixed race,Divorced,College graduate,Employed full-time,12,Yes,No,No,No,Yes
39,Male,Mixed race,Married,High school graduate,Employed full-time,12,No,Yes,Yes,No,Yes
27,Male,Mixed race,Married,"Some college, no 4-year degree",Not employed for pay,12,Yes,No,No,No,No
17,Male,Mixed race,Never been married,High school incomplete,Not employed for pay,12,Yes,No,No,No,No
18,Female,Asian or Pacific Islander,Never been married,High school incomplete,Not employed for pay,12,Yes,No,No,Yes,Yes
78,Female,Black or African-American,Widowed,College graduate,Retired,12,Yes,No,No,Yes,No
75,Male,Black or African-American,Widowed,"Some college, no 4-year degree",Retired,12,Yes,Yes,Yes,Yes,No
66,Male,Black or African-American,Separated,"Technical, trade or vocational school AFTER high school",Retired,12,Yes,No,Yes,Yes,Yes
62,Female,Black or African-American,Single,Post-graduate training/professional school after college,Retired,12,Yes,No,No,No,No
61,Male,Black or African-American,Married,Post-graduate training/professional school after college,Employed full-time,12,Yes,No,No,Yes,Yes
59,Female,Black or African-American,Divorced,High school graduate,Retired,12,Yes,No,No,Yes,Yes
58,Female,Black or African-American,Divorced,High school graduate,Retired,12,Yes,No,No,Yes,Yes
56,Female,Black or African-American,Divorced,High school graduate,Employed full-time,12,Yes,Yes,No,Yes,Yes
49,Female,Black or African-American,Separated,College graduate,Employed full-time,12,Yes,No,No,Yes,Yes
43,Male,Black or African-American,Divorced,College graduate,Employed full-time,12,Yes,No,No,No,Yes
42,Female,Black or African-American,Separated,High school graduate,Employed full-time,12,Yes,No,No,Yes,No
41,Male,Black or African-American,Never been married,High school incomplete,Not employed for pay,12,No,No,No,No,No
40,Female,Black or African-American,Single,"Some college, no 4-year degree",Employed full-time,12,Yes,No,No,Yes,Yes
35,Female,Black or African-American,Never been married,College graduate,Employed full-time,12,Yes,No,No,Yes,No
35,Female,Black or African-American,Married,Post-graduate training/professional school after college,Employed full-time,12,Yes,Yes,Yes,No,Yes
31,Female,Black or African-American,Married,"Technical, trade or vocational school AFTER high school",Not employed for pay,12,Yes,No,No,Yes,No
18,Female,Black or African-American,Never been married,High school graduate,Not employed for pay,12,Yes,No,Yes,Yes,No
91,Male,White,Widowed,Post-graduate training/professional school after college,Retired,12,Yes,No,No,Yes,Yes
87,Female,White,Married,College graduate,Retired,12,No,No,Yes,Yes,Yes
86,Male,White,Married,High school graduate,Retired,12,Yes,Yes,No,Yes,No
83,Male,White,Married,College graduate,Retired,12,No,No,No,Yes,No
83,Male,White,Married,Post-graduate training/professional school after college,Employed part-time,12,Yes,No,Yes,No,Yes
80,Female,White,Widowed,Post-graduate training/professional school after college,Retired,12,Yes,No,No,Yes,Yes
80,Male,White,Married,"Some college, no 4-year degree",Retired,12,Yes,No,No,Yes,Yes
79,Female,White,Married,"Technical, trade or vocational school AFTER high school",Retired,12,Yes,Yes,No,Yes,Yes
78,Female,White,Never been married,Post-graduate training/professional school after college,Employed full-time,12,Yes,No,No,Yes,Yes
78,Female,White,Widowed,High school graduate,Retired,12,No,No,No,Yes,Yes
78,Male,White,Married,Post-graduate training/professional school after college,Retired,12,Yes,No,Yes,Yes,Yes
77,Female,White,Widowed,"Some college, no 4-year degree",Not employed for pay,12,No,Yes,No,No,Yes
